symbol,base,status,kind,bars,first_bar,last_bar,ret_listing_to_end,dd_from_ath_high
BTCUSDT,BTC,TRADING,coin,3319,2017-08-17,2026-09-17,16.854978203440776,-0.3937382383767687
ETHUSDT,ETH,TRADING,coin,3319,2017-08-17,2026-09-17,7.119271523178808,-0.5053199859586264
BNBUSDT,BNB,TRADING,coin,3238,2017-11-06,2026-09-17,466.57479312539783,-0.46581728007213974
BCCUSDT,BCC,BREAK,coin,371,2017-11-11,2018-11-20,-0.6577421815408085,-0.9167432065091338
NEOUSDT,NEO,TRADING,coin,3224,2017-11-20,2026-09-17,-0.9402506885503906,-0.9892950654582074
LTCUSDT,LTC,TRADING,coin,3201,2017-12-13,2026-09-17,-0.8139029688631426,-0.8694768918232605
QTUMUSDT,QTUM,TRADING,coin,3105,2018-03-19,2026-09-17,-0.9562833283026462,-0.9756480313857363
ADAUSDT,ADA,TRADING,coin,3076,2018-04-17,2026-09-17,-0.16611706512778235,-0.9347629796839729
XRPUSDT,XRP,TRADING,coin,3059,2018-05-04,2026-09-17,0.4578042476682771,-0.6456142267872265
EOSUSDT,EOS,BREAK,coin,2556,2018-05-28,2025-05-26,-0.9320573579119769,-0.9502532307653054
TUSDUSDT,TUSD,TRADING,stablecoin,2867,2018-05-31,2026-09-17,-0.004678944748631064,-0.6667333333333334
IOTAUSDT,IOTA,TRADING,coin,3032,2018-05-31,2026-09-17,-0.9768051518778139,-0.9847981175064431
XLMUSDT,XLM,TRADING,coin,3032,2018-05-31,2026-09-17,-0.37229437229437234,-0.7675641828428303
ONTUSDT,ONT,TRADING,coin,3024,2018-06-08,2026-09-17,-0.9939782608695652,-0.9942305021985651
TRXUSDT,TRX,TRADING,coin,3021,2018-06-11,2026-09-17,5.925619834710744,-0.2551111111111112
ETCUSDT,ETC,TRADING,coin,3020,2018-06-12,2026-09-17,-0.4900261139442994,-0.9585163765778791
ICXUSDT,ICX,BREAK,coin,3005,2018-06-13,2026-09-03,-0.9957508084074373,-0.997371875
VENUSDT,VEN,BREAK,coin,33,2018-06-22,2018-10-19,-0.9999635196264409,-0.9999682529604115
NULSUSDT,NULS,BREAK,coin,2460,2018-07-23,2025-04-16,-0.9895121951219512,-0.9913997133237774
VETUSDT,VET,TRADING,coin,2977,2018-07-25,2026-09-17,-0.6511111111111111,-0.9736303242337284
PAXUSDT,PAX,BREAK,stablecoin,1069,2018-10-04,2021-09-06,-0.00843170320404718,-0.9989993993993994
BCHABCUSDT,BCHABC,BREAK,coin,378,2018-11-16,2019-11-28,-0.15999999999999992,-0.60558432946827
BCHSVUSDT,BCHSV,BREAK,coin,158,2018-11-16,2019-04-22,-0.5555723232475667,-0.6595178912075843
USDCUSDT,USDC,TRADING,stablecoin,2669,2018-12-15,2026-09-17,-0.010638718607870357,-0.901024727992087
LINKUSDT,LINK,TRADING,coin,2802,2019-01-16,2026-09-17,22.207354443309498,-0.7856603773584906
WAVESUSDT,WAVES,BREAK,coin,1978,2019-01-18,2024-06-17,-0.573608084010303,-0.983155917345022
BTTUSDT,BTT,BREAK,coin,1083,2019-01-31,2022-01-17,4.829135180520571,-0.7954719538062691
USDSOLDUSDT,USDSOLD,BREAK,stablecoin,497,2019-02-14,2020-06-24,-0.01169938528653569,-0.8784390243902439
ONGUSDT,ONG,TRADING,coin,2771,2019-02-16,2026-09-17,-0.9129214129559314,-0.98108
HOTUSDT,HOT,TRADING,coin,2769,2019-02-18,2026-09-17,-0.744995887030436,-0.9882278481012658
ZILUSDT,ZIL,TRADING,coin,2768,2019-02-19,2026-09-17,-0.8418094218415417,-0.9884979175586781
ZRXUSDT,ZRX,TRADING,coin,2759,2019-02-28,2026-09-17,-0.5692369802180057,-0.9555416666666666
FETUSDT,FET,TRADING,coin,2759,2019-02-28,2026-09-17,-0.5239167135621835,-0.9513793103448276
BATUSDT,BAT,TRADING,coin,2755,2019-03-04,2026-09-17,-0.5639187574671446,-0.96215655780197
XMRUSDT,XMR,BREAK,coin,1804,2019-03-15,2024-02-20,1.2783109404990403,-0.7713482172095621
ZECUSDT,ZEC,TRADING,coin,2738,2019-03-21,2026-09-17,25.974791439970986,-0.014464425332290753
IOSTUSDT,IOST,TRADING,coin,2737,2019-03-22,2026-09-17,-0.9067430174126446,-0.9912551778552173
CELRUSDT,CELR,TRADING,coin,2734,2019-03-25,2026-09-17,-0.9115559224102352,-0.989214896829391
DASHUSDT,DASH,TRADING,coin,2731,2019-03-28,2026-09-17,-0.35805306037184037,-0.8714225941422594
NANOUSDT,NANO,BREAK,coin,1028,2019-04-03,2022-01-24,0.6399970503650174,-0.8743502824858757
OMGUSDT,OMG,BREAK,coin,1903,2019-04-03,2024-06-17,-0.8069069826065036,-0.9809679984098588
THETAUSDT,THETA,TRADING,coin,2718,2019-04-10,2026-09-17,0.5215101677063922,-0.9881738035264483
ENJUSDT,ENJ,TRADING,coin,2710,2019-04-18,2026-09-17,-0.8532442531989582,-0.9946501547987616
MITHUSDT,MITH,BREAK,coin,1344,2019-04-19,2022-12-22,-0.9458568738229756,-0.9826633165829146
MATICUSDT,MATIC,BREAK,coin,1965,2019-04-26,2024-09-10,68.61467889908258,-0.8702018474170373
ATOMUSDT,ATOM,TRADING,coin,2699,2019-04-29,2026-09-17,-0.5851204659782896,-0.9650223214285715
TFUELUSDT,TFUEL,TRADING,coin,2674,2019-05-24,2026-09-17,-0.36963696369636967,-0.9859556758187621
ONEUSDT,ONE,TRADING,coin,2666,2019-06-01,2026-09-17,-0.9297252289758534,-0.9955578947368421
FTMUSDT,FTM,BREAK,coin,2044,2019-06-11,2025-01-13,20.58641975308642,-0.7992652545778084
ALGOUSDT,ALGO,TRADING,coin,2645,2019-06-22,2026-09-17,-0.9587591240875912,-0.9737209302325581
USDSBUSDT,USDSB,BREAK,stablecoin,96,2019-06-24,2019-09-27,0.0008008809690660534,-0.44461111111111107
GTOUSDT,GTO,BREAK,coin,1247,2019-07-01,2022-11-28,-0.5591705398641401,-0.9219224924012158
ERDUSDT,ERD,BREAK,stablecoin,425,2019-07-04,2020-08-31,1.9113737075332344,-0.3430000000000001
DOGEUSDT,DOGE,TRADING,coin,2632,2019-07-05,2026-09-17,20.12348518126147,-0.8895195621325765
DUSKUSDT,DUSK,TRADING,coin,2615,2019-07-22,2026-09-17,-0.7569209993247805,-0.9386868772885975
ANKRUSDT,ANKR,TRADING,coin,2614,2019-07-23,2026-09-17,-0.4397515527950311,-0.9791798427639566
WINUSDT,WIN,TRADING,coin,2605,2019-08-01,2026-09-17,-0.9129090498758745,-0.987006734006734
COSUSDT,COS,BREAK,coin,2513,2019-08-03,2026-06-19,-0.9887241689128482,-0.9961384615384615
NPXSUSDT,NPXS,BREAK,coin,602,2019-08-13,2021-04-05,13.579220240564082,-0.22677328171229338
COCOSUSDT,COCOS,BREAK,coin,1375,2019-08-21,2023-05-29,777.7838437638704,-0.7300615384615385
MTLUSDT,MTL,TRADING,coin,2583,2019-08-23,2026-09-17,-0.32343635921148695,-0.973175603307699
TOMOUSDT,TOMO,BREAK,coin,1550,2019-08-24,2023-11-20,1.5638218923933205,-0.6474744897959184
PERLUSDT,PERL,BREAK,coin,1565,2019-08-26,2023-12-07,-0.9600347523892268,-0.984476241900648
DENTUSDT,DENT,BREAK,coin,2437,2019-08-27,2026-04-28,-0.9254755834477348,-0.9983259911894273
MFTUSDT,MFT,BREAK,coin,1226,2019-08-27,2023-01-03,3.4114189756507134,-0.8476659901420702
KEYUSDT,KEY,BREAK,coin,1906,2019-08-27,2024-12-10,-0.23504273504273498,-0.9639424460431655
STORMUSDT,STORM,BREAK,coin,287,2019-08-27,2020-06-08,0.9888758782201403,-0.19119047619047613
DOCKUSDT,DOCK,BREAK,coin,1792,2019-08-27,2024-07-22,-0.5290992513885535,-0.9785714285714285
WANUSDT,WAN,BREAK,coin,2432,2019-08-27,2026-04-23,-0.8672371638141809,-0.979392789373814
FUNUSDT,FUN,BREAK,coin,2432,2019-08-27,2026-04-23,-0.8870541611624835,-0.9950185711164519
CVCUSDT,CVC,TRADING,coin,2426,2019-08-27,2026-09-17,-0.42947048611111116,-0.9731734693877551
CHZUSDT,CHZ,TRADING,coin,2569,2019-09-06,2026-09-17,0.7270661404138259,-0.9847179595724416
BANDUSDT,BAND,TRADING,coin,2557,2019-09-18,2026-09-17,-0.7114209619301268,-0.9920959810509513
BUSDUSDT,BUSD,BREAK,stablecoin,1548,2019-09-20,2023-12-15,0.00029999999999996696,-0.9967320741871104
BEAMUSDT,BEAM,BREAK,coin,1224,2019-09-21,2023-01-26,-0.9512195121951219,-0.968952380952381
XTZUSDT,XTZ,TRADING,coin,2551,2019-09-24,2026-09-17,-0.710247760846807,-0.9728382946243594
RENUSDT,REN,BREAK,coin,1904,2019-09-25,2024-12-10,0.09927983539094654,-0.9767717391304348
RVNUSDT,RVN,TRADING,coin,2550,2019-09-25,2026-09-17,-0.9185741088180113,-0.9925920868466869
HCUSDT,HC,BREAK,coin,413,2019-09-25,2020-11-10,-0.47141512394101026,-0.7684207632244584
HBARUSDT,HBAR,TRADING,coin,2546,2019-09-29,2026-09-17,1.1212035995500562,-0.8690451388888889
NKNUSDT,NKN,BREAK,coin,2318,2019-10-11,2026-02-13,-0.7203065134099618,-0.9950973807924782
STXUSDT,STX,TRADING,coin,2520,2019-10-25,2026-09-17,-0.33404255319148934,-0.934900166389351
KAVAUSDT,KAVA,TRADING,coin,2520,2019-10-25,2026-09-17,-0.9488176846645614,-0.9927912779344761
ARPAUSDT,ARPA,TRADING,coin,2508,2019-11-06,2026-09-17,-0.6437499999999999,-0.9647956403269755
IOTXUSDT,IOTX,TRADING,coin,2500,2019-11-14,2026-09-17,-0.3781115879828326,-0.9889809885931559
RLCUSDT,RLC,TRADING,coin,2500,2019-11-14,2026-09-17,-0.6073877151252274,-0.9829939393939394
MCOUSDT,MCO,BREAK,coin,340,2019-11-19,2020-10-23,-0.3581286549707602,-0.999178627553693
CTXCUSDT,CTXC,BREAK,coin,1973,2019-11-22,2025-04-16,-0.5229495861550038,-0.9540612999058039
BCHUSDT,BCH,TRADING,coin,2486,2019-11-28,2026-09-17,0.07308771445655671,-0.8586060606060606
TROYUSDT,TROY,BREAK,coin,1960,2019-12-05,2025-04-16,-0.9927860488457678,-0.9982805023923444
VITEUSDT,VITE,BREAK,coin,1901,2019-12-13,2025-02-24,-0.9481302774427021,-0.9975358166189112
FTTUSDT,FTT,TRADING,coin,2154,2019-12-20,2026-09-17,-0.9039443155452436,-0.9975857242827152
EURUSDT,EUR,TRADING,stablecoin,2450,2020-01-03,2026-09-17,0.02930895401989808,-0.768
OGNUSDT,OGN,TRADING,coin,2444,2020-01-09,2026-09-17,-0.9194036697247706,-0.9948171091445428
DREPUSDT,DREP,BREAK,coin,1537,2020-01-16,2024-04-03,5.170161484695107,-0.9946854888935022
BULLUSDT,BULL,BREAK,coin,75,2020-01-17,2020-03-31,-0.8949382869392806,-0.9268520792184914
BEARUSDT,BEAR,BREAK,coin,75,2020-01-17,2020-03-31,-0.4982014388489209,-0.8821541710665258
ETHBULLUSDT,ETHBULL,BREAK,leveraged,59,2020-01-17,2020-03-31,-0.9272409832299564,-0.9847964669738863
ETHBEARUSDT,ETHBEAR,BREAK,leveraged,59,2020-01-17,2020-03-31,-0.8079949638023293,-0.8642030276046304
TCTUSDT,TCT,BREAK,coin,1008,2020-01-21,2022-10-24,-0.74,-0.9735368956743002
WRXUSDT,WRX,BREAK,coin,1786,2020-02-05,2024-12-25,-0.7358778625954199,-0.9974049740497405
BTSUSDT,BTS,BREAK,coin,1401,2020-02-06,2023-12-07,-0.8326619150914162,-0.9690686218352618
LSKUSDT,LSK,TRADING,coin,2416,2020-02-06,2026-09-17,-0.6696461279214594,-0.9607913043478261
BNTUSDT,BNT,TRADING,coin,2416,2020-02-06,2026-09-17,0.039945836154366976,-0.9672106650727407
LTOUSDT,LTO,BREAK,coin,1975,2020-02-07,2025-07-04,-0.9700291821121539,-0.9958195819581959
EOSBULLUSDT,EOSBULL,BREAK,leveraged,49,2020-02-12,2020-03-31,-0.9919578885802017,-0.9983957798593286
EOSBEARUSDT,EOSBEAR,BREAK,leveraged,49,2020-02-12,2020-03-31,1.1532430506058446,-0.8294472985942528
XRPBULLUSDT,XRPBULL,BREAK,leveraged,49,2020-02-12,2020-03-31,-0.9708666666666667,-0.9941733333333334
XRPBEARUSDT,XRPBEAR,BREAK,leveraged,49,2020-02-12,2020-03-31,0.29025049982359175,-0.8472762808412542
STRATUSDT,STRAT,BREAK,coin,268,2020-02-19,2020-11-12,0.07426067907995626,-0.7849122807017543
AIONUSDT,AION,BREAK,coin,1105,2020-02-19,2023-02-27,-0.9191252144082332,-0.9864355581127733
MBLUSDT,MBL,TRADING,coin,2401,2020-02-21,2026-09-17,-0.7721911855990069,-0.9830797602581834
COTIUSDT,COTI,TRADING,coin,2396,2020-02-26,2026-09-17,0.089952153110048,-0.9671757925072046
BNBBULLUSDT,BNBBULL,BREAK,leveraged,21,2020-03-11,2020-03-31,-0.8917748098823352,-0.977013941902045
BNBBEARUSDT,BNBBEAR,BREAK,leveraged,21,2020-03-11,2020-03-31,-0.625853814235557,-0.919779362450555
STPTUSDT,STPT,BREAK,coin,1882,2020-03-25,2025-05-19,2.677284595300261,-0.7602723404255319
WTCUSDT,WTC,BREAK,coin,1340,2020-04-07,2023-12-07,-0.9597970335675253,-0.9964776691060803
DATAUSDT,DATA,BREAK,coin,2139,2020-04-07,2026-02-13,-0.9796154737085939,-0.99725
XZCUSDT,XZC,BREAK,coin,294,2020-04-07,2021-01-25,0.2531003382187147,-0.540560090937274
SOLUSDT,SOL,TRADING,coin,2229,2020-08-11,2026-09-17,29.68970744277702,-0.657810228847649
CTSIUSDT,CTSI,TRADING,coin,2339,2020-04-23,2026-09-17,-0.5686616646309545,-0.9858742857142857
HIVEUSDT,HIVE,TRADING,coin,2335,2020-04-27,2026-09-17,-0.8857142857142857,-0.9850033683840543
CHRUSDT,CHR,TRADING,coin,2325,2020-05-07,2026-09-17,-0.3409945674885082,-0.9894866666666666
BTCUPUSDT,BTCUP,BREAK,leveraged,1386,2020-05-14,2024-02-28,0.6147859922178991,-0.9223838446180677
BTCDOWNUSDT,BTCDOWN,BREAK,leveraged,1386,2020-05-14,2024-02-28,-0.9998789581205312,-0.999903422982885
GXSUSDT,GXS,BREAK,coin,713,2020-05-13,2022-04-25,2.8685516943665013,-0.6857323210183934
ARDRUSDT,ARDR,BREAK,coin,2248,2020-05-15,2026-07-10,-0.4543087737568342,-0.9734683544303797
LENDUSDT,LEND,BREAK,coin,151,2020-05-15,2020-10-12,7.108308371433077,-0.42844918597544035
MDTUSDT,MDT,BREAK,coin,2149,2020-06-05,2026-04-23,-0.6087378640776699,-0.9774709302325582
STMXUSDT,STMX,BREAK,coin,1720,2020-06-11,2025-02-24,0.9508547008547006,-0.9541997752628621
KNCUSDT,KNC,TRADING,coin,2289,2020-06-12,2026-09-17,-0.8972634870992964,-0.9772270363951473
REPUSDT,REP,BREAK,coin,924,2020-06-12,2022-12-22,-0.6843299519487454,-0.9213279443806862
LRCUSDT,LRC,BREAK,coin,2120,2020-06-12,2026-04-01,-0.8193269230769231,-0.9951194805194805
PNTUSDT,PNT,BREAK,coin,1382,2020-06-22,2024-04-03,-0.9527665317139001,-0.99453125
COMPUSDT,COMP,TRADING,coin,2276,2020-06-25,2026-09-17,-0.9143859649122807,-0.9785729967069154
BKRWUSDT,BKRW,BREAK,coin,33,2020-07-06,2020-08-07,0.0035616763623411707,-0.49920018958469103
SCUSDT,SC,TRADING,coin,2265,2020-07-06,2026-09-17,-0.7085828343313373,-0.9863125
ZENUSDT,ZEN,TRADING,coin,2265,2020-07-06,2026-09-17,0.04548030603570408,-0.9563966199846363
SNXUSDT,SNX,TRADING,coin,2262,2020-07-09,2026-09-17,-0.9293978349120433,-0.9927987302025465
ETHUPUSDT,ETHUP,BREAK,leveraged,1326,2020-07-13,2024-02-28,0.2036157024793388,-0.9782034037187601
ETHDOWNUSDT,ETHDOWN,BREAK,leveraged,1326,2020-07-13,2024-02-28,-0.9956057692307693,-0.9960226283724978
ADAUPUSDT,ADAUP,BREAK,leveraged,1127,2020-07-16,2023-08-16,-0.9877790834312573,-0.9996922776484095
ADADOWNUSDT,ADADOWN,BREAK,leveraged,1127,2020-07-16,2023-08-16,-0.9998086826347306,-0.9998865076076017
LINKUPUSDT,LINKUP,BREAK,leveraged,995,2020-07-16,2023-04-06,-0.9993434125269979,-0.9998420779220779
LINKDOWNUSDT,LINKDOWN,BREAK,leveraged,995,2020-07-16,2023-04-06,-0.9999117357001972,-0.9999469786729858
VTHOUSDT,VTHO,TRADING,coin,2254,2020-07-17,2026-09-17,-0.5733333333333334,-0.976421052631579
DGBUSDT,DGB,TRADING,coin,2251,2020-07-20,2026-09-17,-0.8060836501901141,-0.9778260869565217
GBPUSDT,GBP,BREAK,stablecoin,1258,2020-07-20,2023-12-29,-0.062450341649451735,-0.5774547017116666
SXPUSDT,SXP,BREAK,coin,2082,2020-07-20,2026-04-01,-0.9986706948640484,-0.9996252129471891
MKRUSDT,MKR,BREAK,coin,1881,2020-07-23,2025-09-15,2.426471699539031,-0.7142852641959438
DAIUSDT,DAI,BREAK,stablecoin,21,2020-07-23,2020-08-12,-0.014698771878928651,-0.10732433853162793
DCRUSDT,DCR,TRADING,coin,2241,2020-07-30,2026-09-17,0.0718161506543249,-0.9328397313589254
STORJUSDT,STORJ,BREAK,coin,2227,2020-07-30,2026-09-03,-0.8457556935817805,-0.9922254109052961
BNBUPUSDT,BNBUP,BREAK,leveraged,1302,2020-08-06,2024-02-28,5.274111675126903,-0.9746845502431799
BNBDOWNUSDT,BNBDOWN,BREAK,leveraged,1302,2020-08-06,2024-02-28,-0.9997866071428572,-0.99996415
XTZUPUSDT,XTZUP,BREAK,leveraged,539,2020-08-07,2022-01-27,-0.9996981065088757,-0.9998614340032591
XTZDOWNUSDT,XTZDOWN,BREAK,leveraged,539,2020-08-07,2022-01-27,-0.7499903846153846,-0.927775
MANAUSDT,MANA,TRADING,coin,2234,2020-08-06,2026-09-17,0.2744761250429406,-0.9874237288135593
AUDUSDT,AUD,BREAK,coin,1029,2020-08-07,2023-06-01,0.0204742137479772,-0.7544483383276618
YFIUSDT,YFI,TRADING,coin,2230,2020-08-10,2026-09-17,-0.6628775169805383,-0.9778947368421053
BALUSDT,BAL,BREAK,coin,1710,2020-08-11,2025-04-16,-0.9525352181809257,-0.9871214340889114
BLZUSDT,BLZ,BREAK,coin,1598,2020-08-11,2024-12-25,-0.4933844011142061,-0.9128599020796838
IRISUSDT,IRIS,BREAK,coin,1583,2020-08-11,2024-12-10,-0.9519372693726937,-0.98371875
KMDUSDT,KMD,BREAK,coin,1789,2020-08-11,2025-07-04,-0.977649801179213,-0.9965630666722894
JSTUSDT,JST,TRADING,coin,2229,2020-08-11,2026-09-17,0.6642494561276289,-0.4319025694341304
SRMUSDT,SRM,BREAK,coin,840,2020-08-11,2022-11-28,-0.843611235523706,-0.9822006990969997
ANTUSDT,ANT,BREAK,coin,1287,2020-08-13,2024-02-20,0.11293085314180962,-0.8277441860465116
CRVUSDT,CRV,TRADING,coin,2225,2020-08-15,2026-09-17,-0.9520839363241679,-0.9857622016770587
SANDUSDT,SAND,TRADING,coin,2226,2020-08-14,2026-09-17,-0.4527023955634347,-0.9957443800367595
OCEANUSDT,OCEAN,BREAK,coin,1413,2020-08-19,2024-07-01,0.10803474484256248,-0.6846090450190585
NMRUSDT,NMR,TRADING,coin,2221,2020-08-19,2026-09-17,-0.787542479621664,-0.9084953940634596
DOTUSDT,DOT,TRADING,coin,2222,2020-08-18,2026-09-17,-0.649032258064516,-0.9802504991831549
LUNAUSDT,LUNA,TRADING,coin,2202,2020-08-21,2026-09-17,-0.8949930458970793,-0.999621079046424
RSRUSDT,RSR,TRADING,coin,2213,2020-08-27,2026-09-17,-0.9423333333333334,-0.9883697478991597
PAXGUSDT,PAXG,TRADING,coin,2212,2020-08-28,2026-09-17,1.1950667091340197,-0.23165323508280156
WNXMUSDT,WNXM,BREAK,coin,1390,2020-08-28,2024-06-17,0.5416666666666667,-0.4540983606557376
TRBUSDT,TRB,TRADING,coin,2211,2020-08-29,2026-09-17,-0.7719665550947472,-0.9728157191911484
BZRXUSDT,BZRX,BREAK,coin,477,2020-08-31,2021-12-20,-0.8299550437731682,-0.8764894592117324
SUSHIUSDT,SUSHI,TRADING,coin,2208,2020-09-01,2026-09-17,-0.9739663789186733,-0.9902176696542894
YFIIUSDT,YFII,BREAK,coin,1086,2020-09-01,2023-08-22,-0.9490621827351795,-0.9558540293968576
KSMUSDT,KSM,TRADING,coin,2205,2020-09-04,2026-09-17,-0.8956529987905234,-0.99296
EGLDUSDT,EGLD,TRADING,coin,2206,2020-09-03,2026-09-17,-0.7807007661108607,-0.9928470372071658
DIAUSDT,DIA,TRADING,coin,2205,2020-09-04,2026-09-17,-0.9586793737236216,-0.9790689655172414
RUNEUSDT,RUNE,TRADING,coin,2205,2020-09-04,2026-09-17,-0.3877551020408163,-0.9764567669172932
FIOUSDT,FIO,BREAK,coin,2058,2020-09-04,2026-04-23,-0.9951918158567775,-0.9983508771929824
UMAUSDT,UMA,TRADING,coin,2200,2020-09-09,2026-09-17,-0.9771247907755254,-0.9916132551479613
EOSUPUSDT,EOSUP,BREAK,leveraged,470,2020-09-10,2021-12-23,-0.9781782505421873,-0.9866628795051442
EOSDOWNUSDT,EOSDOWN,BREAK,leveraged,470,2020-09-10,2021-12-23,-0.9999643378417826,-0.9999745433076336
TRXUPUSDT,TRXUP,BREAK,leveraged,811,2020-09-10,2022-11-29,-0.9959004361238166,-0.9986104200468722
TRXDOWNUSDT,TRXDOWN,BREAK,leveraged,811,2020-09-10,2022-11-29,-0.8928605023045809,-0.9411065149948293
XRPUPUSDT,XRPUP,BREAK,leveraged,974,2020-09-11,2023-05-12,-0.9915705412599822,-0.9991172826760273
XRPDOWNUSDT,XRPDOWN,BREAK,leveraged,974,2020-09-11,2023-05-12,-0.9999917529518619,-0.9999933835316979
DOTUPUSDT,DOTUP,BREAK,leveraged,810,2020-09-11,2022-11-29,-0.9911332779163203,-0.9995356845750547
DOTDOWNUSDT,DOTDOWN,BREAK,leveraged,810,2020-09-11,2022-11-29,0.9215843857634898,-0.6842075471698114
BELUSDT,BEL,TRADING,coin,2194,2020-09-15,2026-09-17,-0.9811673352343209,-0.9938473684210526
WINGUSDT,WING,BREAK,coin,1690,2020-09-16,2025-05-02,-0.996475523265871,-0.9989133333333333
LTCUPUSDT,LTCUP,BREAK,leveraged,499,2020-09-16,2022-01-27,-0.9527971684200177,-0.9949351731704487
LTCDOWNUSDT,LTCDOWN,BREAK,leveraged,499,2020-09-16,2022-01-27,-0.7790439353367054,-0.8325013156905496
UNIUSDT,UNI,TRADING,coin,2192,2020-09-17,2026-09-17,1.1942975994453593,-0.8311999999999999
NBSUSDT,NBS,BREAK,coin,764,2020-09-21,2022-10-24,-0.865040650406504,-0.9680769230769231
OXTUSDT,OXT,BREAK,coin,2041,2020-09-21,2026-04-23,-0.9740403203534935,-0.9909615384615384
SUNUSDT,SUN,TRADING,coin,2185,2020-09-21,2026-09-17,-0.9991379934806229,-0.9996946480938417
AVAXUSDT,AVAX,TRADING,coin,2187,2020-09-22,2026-09-17,0.4327073111123645,-0.948156462585034
HNTUSDT,HNT,BREAK,coin,751,2020-09-24,2022-10-14,1.039301310043668,-0.9212080310443732
FLMUSDT,FLM,BREAK,coin,1872,2020-09-28,2025-11-12,-0.9824763903462749,-0.9962888888888889
UNIUPUSDT,UNIUP,BREAK,leveraged,450,2020-09-30,2021-12-23,-0.8957097667062079,-0.9811124836636411
UNIDOWNUSDT,UNIDOWN,BREAK,leveraged,450,2020-09-30,2021-12-23,-0.7802731411229135,-0.9330724432255878
ORNUSDT,ORN,BREAK,coin,1477,2020-09-30,2024-10-15,-0.6322938855327025,-0.9647236180904523
UTKUSDT,UTK,BREAK,coin,2021,2020-10-02,2026-04-14,-0.95326278659612,-0.9925352112676056
XVSUSDT,XVS,TRADING,coin,2173,2020-10-06,2026-09-17,-0.12138728323699421,-0.9794085373287996
ALPHAUSDT,ALPHA,BREAK,coin,1729,2020-10-10,2025-07-04,-0.8120519279209455,-0.9967043234519664
AAVEUSDT,AAVE,TRADING,coin,2164,2020-10-15,2026-09-17,1.98960440940487,-0.807559880239521
NEARUSDT,NEAR,TRADING,coin,2165,2020-10-14,2026-09-17,1.57851946940522,-0.8537165606641743
SXPUPUSDT,SXPUP,BREAK,leveraged,407,2020-10-15,2021-11-25,-0.9799609015639374,-0.9827311465662472
SXPDOWNUSDT,SXPDOWN,BREAK,leveraged,407,2020-10-15,2021-11-25,-0.9912142927260233,-0.9996060964821555
FILUSDT,FIL,TRADING,coin,2164,2020-10-15,2026-09-17,-0.9867992286758616,-0.99808
FILUPUSDT,FILUP,BREAK,leveraged,442,2020-10-20,2022-01-04,-0.9864405262686834,-0.9983166666666666
FILDOWNUSDT,FILDOWN,BREAK,leveraged,442,2020-10-20,2022-01-04,-0.999913690610223,-0.9999541534597213
YFIUPUSDT,YFIUP,BREAK,leveraged,408,2020-10-21,2021-12-02,-0.9873894282632146,-0.99731097462793
YFIDOWNUSDT,YFIDOWN,BREAK,leveraged,408,2020-10-21,2021-12-02,-0.9167759815242494,-0.9679474863912905
INJUSDT,INJ,TRADING,coin,2158,2020-10-21,2026-09-17,6.336921696783288,-0.8919811320754717
AUDIOUSDT,AUDIO,TRADING,coin,2156,2020-10-23,2026-09-17,-0.9343077083116613,-0.9974689378757515
CTKUSDT,CTK,TRADING,coin,2152,2020-10-27,2026-09-17,-0.9116094986807388,-0.974875
BCHUPUSDT,BCHUP,BREAK,leveraged,279,2020-10-28,2022-01-04,-0.9928977830096135,-0.9973015281401416
BCHDOWNUSDT,BCHDOWN,BREAK,leveraged,279,2020-10-28,2022-01-04,-0.9768087521932088,-0.9837173913043479
AKROUSDT,AKRO,BREAK,coin,1515,2020-11-02,2024-12-25,-0.9039647577092511,-0.9889152542372881
AXSUSDT,AXS,TRADING,coin,2144,2020-11-04,2026-09-17,5.4664335184804225,-0.9943223553495093
HARDUSDT,HARD,BREAK,coin,1623,2020-11-06,2025-04-16,-0.9887440758293838,-0.9984166666666666
DNTUSDT,DNT,BREAK,coin,714,2020-11-10,2022-10-24,-0.40594059405940597,-0.9294117647058824
STRAXUSDT,STRAX,TRADING,coin,2123,2020-11-18,2026-09-17,-0.9766365949572057,-0.9977802197802198
UNFIUSDT,UNFI,BREAK,coin,1449,2020-11-19,2024-11-06,-0.6627348406730214,-0.9697967530946503
ROSEUSDT,ROSE,TRADING,coin,2129,2020-11-19,2026-09-17,-0.8117553613979349,-0.9881103678929766
AVAUSDT,AVA,TRADING,coin,2124,2020-11-24,2026-09-17,-0.6852480560727193,-0.9555631146020163
XEMUSDT,XEM,BREAK,coin,1302,2020-11-24,2024-06-17,-0.9036813518406759,-0.9815384615384616
AAVEUPUSDT,AAVEUP,BREAK,leveraged,351,2020-11-26,2021-11-11,-0.9572536463891853,-0.99839956099809
AAVEDOWNUSDT,AAVEDOWN,BREAK,leveraged,351,2020-11-26,2021-11-11,-0.9992026957857021,-0.9996176879653113
SKLUSDT,SKL,TRADING,coin,2117,2020-12-01,2026-09-17,-0.9497438737366746,-0.9970830018562715
SUSDUSDT,SUSD,BREAK,stablecoin,494,2020-12-04,2022-04-11,-0.011414392059553413,-0.7890277483583986
SUSHIUPUSDT,SUSHIUP,BREAK,leveraged,370,2020-12-10,2021-12-14,-0.9995179959100204,-0.9999648237831222
SUSHIDOWNUSDT,SUSHIDOWN,BREAK,leveraged,370,2020-12-10,2021-12-14,2.5884386402919146,-0.6911570247933885
XLMUPUSDT,XLMUP,BREAK,leveraged,369,2020-12-11,2021-12-14,-0.9971645274212368,-0.9995199336204512
XLMDOWNUSDT,XLMDOWN,BREAK,leveraged,369,2020-12-11,2021-12-14,-0.6257391304347826,-0.7526436781609195
GRTUSDT,GRT,TRADING,coin,2101,2020-12-17,2026-09-17,-0.8479837067209776,-0.9935224752059374
JUVUSDT,JUV,TRADING,coin,2097,2020-12-21,2026-09-17,-0.9882142857142857,-0.9931614091641723
PSGUSDT,PSG,TRADING,coin,2097,2020-12-21,2026-09-17,-0.9847340994120791,-0.9925734529381175
1INCHUSDT,1INCH,TRADING,coin,2093,2020-12-25,2026-09-17,-0.9603554935958875,-0.9884441509625641
REEFUSDT,REEF,BREAK,coin,1337,2020-12-29,2024-08-26,-0.9707071997275089,-0.9977066666666666
OGUSDT,OG,TRADING,coin,2088,2020-12-30,2026-09-17,-0.6990813354246024,-0.9144994429412701
ATMUSDT,ATM,TRADING,coin,2088,2020-12-30,2026-09-17,-0.9004625346901017,-0.9824832728279096
ASRUSDT,ASR,TRADING,coin,2088,2020-12-30,2026-09-17,-0.9134284821335555,-0.9721887550200803
CELOUSDT,CELO,TRADING,coin,2082,2021-01-05,2026-09-17,-0.9692218125363866,-0.9927626175047914
RIFUSDT,RIF,TRADING,coin,2080,2021-01-07,2026-09-17,-0.5895261845386535,-0.8354
BTCSTUSDT,BTCST,BREAK,coin,682,2021-01-13,2022-11-28,-0.9147410358565737,-0.99465
TRUUSDT,TRU,BREAK,coin,1926,2021-01-19,2026-04-28,-0.9916394038531443,-0.9978301886792453
CKBUSDT,CKB,TRADING,coin,2061,2021-01-26,2026-09-17,-0.8102404428299602,-0.9753316842815382
TWTUSDT,TWT,TRADING,coin,2060,2021-01-27,2026-09-17,0.22134570765661254,-0.8078832116788321
FIROUSDT,FIRO,BREAK,coin,1539,2021-01-29,2025-04-16,-0.9305072967338429,-0.9881422924901185
LITUSDT,LIT,BREAK,coin,1468,2021-02-04,2025-02-10,-0.7572292109132495,-0.9605341435431096
SFPUSDT,SFP,TRADING,coin,2048,2021-02-08,2026-09-17,-0.784263565891473,-0.9374606741573034
DODOUSDT,DODO,TRADING,coin,2037,2021-02-19,2026-09-17,-0.9970714859437751,-0.998177
CAKEUSDT,CAKE,TRADING,coin,2037,2021-02-19,2026-09-17,-0.8693884018168374,-0.9441483355165093
ACMUSDT,ACM,TRADING,coin,2032,2021-02-24,2026-09-17,-0.9851307372909887,-0.9895915161036921
BADGERUSDT,BADGER,BREAK,coin,1507,2021-03-02,2025-04-16,-0.9857129464704228,-0.9882588597842835
FISUSDT,FIS,BREAK,coin,1751,2021-03-03,2025-12-17,-0.9941590214067278,-0.9960860655737704
OMUSDT,OM,BREAK,coin,1821,2021-03-08,2026-03-02,-0.845674740484429,-0.9927070955926439
PONDUSDT,POND,BREAK,coin,1950,2021-03-09,2026-07-10,-0.9950968523002421,-0.9974528301886793
DEGOUSDT,DEGO,BREAK,coin,1876,2021-03-10,2026-04-28,-0.9973706451309983,-0.999193083573487
ALICEUSDT,ALICE,TRADING,coin,2013,2021-03-15,2026-09-17,-0.9937223666002902,-0.99783
LINAUSDT,LINA,BREAK,coin,1472,2021-03-18,2025-03-28,-0.9983592989289192,-0.999663
PERPUSDT,PERP,BREAK,coin,1700,2021-03-19,2025-11-12,-0.9869967752002496,-0.9952308279282717
RAMPUSDT,RAMP,BREAK,coin,470,2021-03-22,2022-07-04,-0.9108388633656628,-0.9596923076923077
SUPERUSDT,SUPER,TRADING,coin,2003,2021-03-25,2026-09-17,-0.9564882697947215,-0.9751153039832285
CFXUSDT,CFX,TRADING,coin,1999,2021-03-29,2026-09-17,-0.9664394488759971,-0.9749837837837838
EPSUSDT,EPS,BREAK,coin,403,2021-04-02,2022-05-09,-0.9757755013706536,-0.9925377777777777
AUTOUSDT,AUTO,BREAK,coin,747,2021-04-02,2023-04-18,-0.9792603812346711,-0.9891655297862665
TKOUSDT,TKO,TRADING,coin,1990,2021-04-07,2026-09-17,-0.9834209733060923,-0.99505
PUNDIXUSDT,PUNDIX,TRADING,coin,1988,2021-04-09,2026-09-17,-0.9808283595586905,-0.9890710382513661
TLMUSDT,TLM,TRADING,coin,1984,2021-04-13,2026-09-17,-0.9981056541477508,-0.9997685714285715
1INCHUPUSDT,1INCHUP,BREAK,leveraged,232,2021-04-15,2021-12-02,-0.9935774193548387,-0.9943456970740103
1INCHDOWNUSDT,1INCHDOWN,BREAK,leveraged,232,2021-04-15,2021-12-02,-0.9993353513513513,-0.9997205454545455
BTGUSDT,BTG,BREAK,coin,557,2021-04-16,2022-10-24,-0.8462329244494007,-0.8955621301775148
MIRUSDT,MIR,BREAK,coin,618,2021-04-19,2022-12-27,-0.9854984646878199,-0.9902625429553265
BARUSDT,BAR,TRADING,coin,1976,2021-04-21,2026-09-17,-0.9943908889268043,-0.9964363143631436
FORTHUSDT,FORTH,BREAK,coin,1805,2021-04-23,2026-04-01,-0.9947502491970318,-0.9959830508474576
BAKEUSDT,BAKE,BREAK,coin,1602,2021-04-30,2025-09-17,-0.9879375261469809,-0.9938847649346059
BURGERUSDT,BURGER,BREAK,coin,1429,2021-04-30,2025-03-28,-0.998291956305859,-0.9994068965517241
SLPUSDT,SLP,TRADING,coin,1967,2021-04-30,2026-09-17,-0.9972437673130193,-0.9985946327683616
SHIBUSDT,SHIB,TRADING,coin,1957,2021-05-10,2026-09-17,-0.8517022504327756,-0.9419471425344477
ICPUSDT,ICP,TRADING,coin,1956,2021-05-11,2026-09-17,-0.9927364632839757,-0.9990660609956835
ARUSDT,AR,TRADING,coin,1953,2021-05-14,2026-09-17,-0.9101396686293304,-0.9711791831357048
POLSUSDT,POLS,BREAK,coin,1161,2021-05-19,2024-07-22,-0.8582412523020257,-0.9415749525616698
MDXUSDT,MDX,BREAK,coin,1156,2021-05-24,2024-07-22,-0.9831452440275539,-0.987589928057554
MASKUSDT,MASK,TRADING,coin,1942,2021-05-25,2026-09-17,-0.9459628104330463,-0.9808245870422037
LPTUSDT,LPT,TRADING,coin,1939,2021-05-28,2026-09-17,-0.9492075193512717,-0.9864636542239685
NUUSDT,NU,BREAK,coin,258,2021-06-04,2022-02-16,0.19577650681918168,-0.8033711929393041
XVGUSDT,XVG,TRADING,coin,1930,2021-06-06,2026-09-17,-0.9111044055522028,-0.963175
ATAUSDT,ATA,BREAK,coin,1816,2021-06-07,2026-05-27,-0.999206396444656,-0.9997333333333334
GTCUSDT,GTC,TRADING,coin,1926,2021-06-10,2026-09-17,-0.9942043740573152,-0.9973539234927521
TORNUSDT,TORN,BREAK,coin,565,2021-06-11,2022-12-27,-0.9339837398373984,-0.9587524128822513
KEEPUSDT,KEEP,BREAK,coin,245,2021-06-17,2022-02-16,-0.00303030303030305,-0.4829611248966088
ERNUSDT,ERN,BREAK,coin,1358,2021-06-22,2025-03-10,-0.656274602424815,-0.9119758064516129
KLAYUSDT,KLAY,BREAK,coin,1225,2021-06-24,2024-10-30,-0.8764398936693906,-0.9714772727272727
PHAUSDT,PHA,TRADING,coin,1911,2021-06-25,2026-09-17,-0.9524767801857585,-0.9753453260520398
BONDUSDT,BOND,BREAK,coin,1114,2021-07-05,2024-07-22,-0.9372228704784131,-0.9713066666666667
MLNUSDT,MLN,BREAK,coin,1788,2021-07-05,2026-05-27,-0.9832512315270936,-0.9927597955706985
DEXEUSDT,DEXE,TRADING,coin,1883,2021-07-23,2026-09-17,-0.748639218422889,-0.9635661110212008
C98USDT,C98,TRADING,coin,1883,2021-07-23,2026-09-17,-0.9811353664917953,-0.9978184639255236
CLVUSDT,CLV,BREAK,coin,1307,2021-07-29,2025-02-24,-0.9770904836193448,-0.9881810865191147
QNTUSDT,QNT,TRADING,coin,1877,2021-07-29,2026-09-17,-0.5427293064876957,-0.8573953488372092
FLOWUSDT,FLOW,TRADING,coin,1876,2021-07-30,2026-09-17,-0.9988108786610879,-0.9992019095759618
TVKUSDT,TVK,BREAK,coin,844,2021-08-06,2023-11-27,-0.8380281690140845,-0.9017272727272727
MINAUSDT,MINA,TRADING,coin,1865,2021-08-10,2026-09-17,-0.9697559468643806,-0.9853530819868342
RAYUSDT,RAY,TRADING,coin,1865,2021-08-10,2026-09-17,-0.6518209950011902,-0.9178258426966293
FARMUSDT,FARM,BREAK,coin,1751,2021-08-11,2026-05-27,-0.9800550206327373,-0.9939482470784641
ALPACAUSDT,ALPACA,BREAK,coin,1361,2021-08-11,2025-05-02,-0.820594819315638,-0.8745317305004193
QUICKUSDT,QUICK,TRADING,coin,1859,2021-08-13,2026-09-17,-0.9999879296875,-0.9999895842696629
MBOXUSDT,MBOX,BREAK,coin,1766,2021-08-19,2026-06-19,-0.9995507060333761,-0.9998665310791915
FORUSDT,FOR,BREAK,coin,1103,2021-08-20,2024-08-26,-0.9682901554404145,-0.9788630241072045
REQUSDT,REQ,TRADING,coin,1855,2021-08-20,2026-09-17,-0.8176429567642957,-0.9524112829845314
GHSTUSDT,GHST,BREAK,coin,1639,2021-08-20,2026-02-13,-0.9497674418604651,-0.9720713731574864
WAXPUSDT,WAXP,TRADING,coin,1852,2021-08-23,2026-09-17,-0.9876837303598581,-0.9950584646670055
TRIBEUSDT,TRIBE,BREAK,coin,462,2021-08-24,2022-11-28,-0.7671896631287494,-0.8673154053520942
GNOUSDT,GNO,TRADING,coin,1845,2021-08-30,2026-09-17,-0.6334627831715209,-0.8270839694656489
XECUSDT,XEC,TRADING,coin,1841,2021-09-03,2026-09-17,-0.9770200608657847,-0.9811118484863954
ELFUSDT,ELF,BREAK,coin,1317,2021-09-08,2025-04-16,-0.7215686274509804,-0.8353623188405797
DYDXUSDT,DYDX,TRADING,coin,1835,2021-09-09,2026-09-17,-0.9911171073934161,-0.9958638762250063
POLYUSDT,POLY,BREAK,coin,397,2021-09-09,2022-10-10,-0.6363145824902199,-0.7503703703703704
IDEXUSDT,IDEX,BREAK,coin,1666,2021-09-09,2026-04-01,-0.9960093049372318,-0.9988224852071006
VIDTUSDT,VIDT,BREAK,coin,1308,2021-09-09,2025-04-16,-0.998762109795479,-0.9991901408450704
USDPUSDT,USDP,TRADING,stablecoin,1669,2021-09-10,2026-09-17,-0.0013999999999999568,-0.5006999999999999
GALAUSDT,GALA,TRADING,coin,1831,2021-09-13,2026-09-17,-0.9610887523829698,-0.9978164225941423
ILVUSDT,ILV,TRADING,coin,1822,2021-09-22,2026-09-17,-0.9938472807178172,-0.9982590673575129
YGGUSDT,YGG,TRADING,coin,1820,2021-09-24,2026-09-17,-0.9967371258334515,-0.998
SYSUSDT,SYS,BREAK,coin,1707,2021-09-24,2026-05-27,-0.9928731224033237,-0.9983233082706767
DFUSDT,DF,BREAK,coin,1604,2021-09-24,2026-02-13,-0.9940943464169968,-0.9953142857142857
FIDAUSDT,FIDA,TRADING,coin,1814,2021-09-30,2026-09-17,-0.9968053024026512,-0.9998204256508173
FRONTUSDT,FRONT,BREAK,coin,1059,2021-10-04,2024-08-27,-0.32988120621382877,-0.7142671602052082
CVPUSDT,CVP,BREAK,coin,1058,2021-10-04,2024-08-26,-0.9862307067424858,-0.9896646341463414
AGLDUSDT,AGLD,TRADING,coin,1809,2021-10-05,2026-09-17,-0.9630866807610994,-0.967886702225492
RADUSDT,RAD,TRADING,coin,1807,2021-10-07,2026-09-17,-0.9871538204871538,-0.9924262295081967
BETAUSDT,BETA,BREAK,coin,1287,2021-10-08,2025-04-16,-0.9998885448916409,-0.9999242105263157
RAREUSDT,RARE,TRADING,coin,1803,2021-10-11,2026-09-17,-0.9954239937475576,-0.997658
LAZIOUSDT,LAZIO,TRADING,coin,1793,2021-10-21,2026-09-17,-0.9841290322580645,-0.99631
CHESSUSDT,CHESS,BREAK,coin,1576,2021-10-22,2026-02-13,-0.9993913796837773,-0.9996945652173913
ADXUSDT,ADX,TRADING,coin,1785,2021-10-29,2026-09-17,-0.9501418378750107,-0.9698951520813869
AUCTIONUSDT,AUCTION,TRADING,coin,1785,2021-10-29,2026-09-17,-0.9127353556485356,-0.9511491728883034
DARUSDT,DAR,BREAK,coin,1160,2021-11-04,2025-01-06,-0.9343062158964007,-0.9870791589756899
BNXUSDT,BNX,BREAK,coin,1226,2021-11-04,2025-03-18,-0.9864391171993911,-0.9922526086956521
RGTUSDT,RGT,BREAK,coin,130,2021-11-05,2022-03-14,-0.6411530815109344,-0.8123456790123457
MOVRUSDT,MOVR,TRADING,coin,1775,2021-11-08,2026-09-17,-0.9979649835067241,-0.9985148148148149
CITYUSDT,CITY,TRADING,coin,1773,2021-11-10,2026-09-17,-0.9784841075794621,-0.9933584905660378
ENSUSDT,ENS,TRADING,coin,1773,2021-11-10,2026-09-17,-0.9223787591438635,-0.95225
KP3RUSDT,KP3R,BREAK,coin,1091,2021-11-12,2024-11-06,-0.9889438268581817,-0.9920193704600484
QIUSDT,QI,TRADING,coin,1768,2021-11-15,2026-09-17,-0.9941340254837188,-0.9967486267329323
PORTOUSDT,PORTO,TRADING,coin,1767,2021-11-16,2026-09-17,-0.9456822835119836,-0.989029433227925
POWRUSDT,POWR,TRADING,coin,1766,2021-11-17,2026-09-17,-0.9109271987656052,-0.9475206611570248
VGXUSDT,VGX,BREAK,coin,1009,2021-11-22,2024-08-26,-0.9965244255647808,-0.9969061533172912
JASMYUSDT,JASMY,TRADING,coin,1761,2021-11-22,2026-09-17,-0.9833896872358411,-0.9892299260071252
AMPUSDT,AMP,TRADING,coin,1760,2021-11-23,2026-09-17,-0.9937783446712019,-0.9945125
PLAUSDT,PLA,BREAK,coin,826,2021-11-23,2024-02-26,-0.9143117926250457,-0.9310517038777908
PYRUSDT,PYR,BREAK,coin,1726,2021-11-26,2026-08-17,-0.9994166666666666,-0.99958
RNDRUSDT,RNDR,BREAK,coin,969,2021-11-27,2024-07-22,-0.058902275769745605,-0.4919786096256684
ALCXUSDT,ALCX,BREAK,coin,1684,2021-11-30,2026-07-10,-0.9950221527234819,-0.995829694323144
SANTOSUSDT,SANTOS,TRADING,coin,1752,2021-12-01,2026-09-17,-0.9535062439961576,-0.9865529408496096
MCUSDT,MC,BREAK,coin,706,2021-12-02,2023-11-07,-0.9478992497320472,-0.9617244094488189
ANYUSDT,ANY,BREAK,coin,117,2021-12-04,2022-03-30,-0.36203319502074693,-0.6446113839930656
BICOUSDT,BICO,TRADING,coin,1744,2021-12-09,2026-09-17,-0.9968183316848005,-0.9975871983997999
FLUXUSDT,FLUX,TRADING,coin,1743,2021-12-10,2026-09-17,-0.9708652792990142,-0.98936
FXSUSDT,FXS,BREAK,coin,1496,2021-12-10,2026-01-13,-0.9585206375153249,-0.9823093681917211
VOXELUSDT,VOXEL,BREAK,coin,1465,2021-12-14,2025-12-17,-0.9950617283950617,-0.9979856115107913
HIGHUSDT,HIGH,BREAK,coin,1646,2021-12-17,2026-06-19,-0.9982555156490508,-0.9992272727272727
CVXUSDT,CVX,TRADING,coin,1730,2021-12-23,2026-09-17,-0.9565745111260957,-0.9693333333333334
PEOPLEUSDT,PEOPLE,TRADING,coin,1730,2021-12-23,2026-09-17,-0.9502082093991672,-0.9581500000000001
OOKIUSDT,OOKI,BREAK,coin,1049,2021-12-24,2024-11-06,-0.9972775108670785,-0.9999338888888889
SPELLUSDT,SPELL,TRADING,coin,1729,2021-12-24,2026-09-17,-0.9962322166131253,-0.9970782918149467
USTUSDT,UST,BREAK,coin,141,2021-12-24,2022-05-13,-0.7546870945204112,-0.7952524158613795
JOEUSDT,JOE,TRADING,coin,1725,2021-12-28,2026-09-17,-0.9877749576988155,-0.9896415770609319
ACHUSDT,ACH,TRADING,coin,1712,2022-01-10,2026-09-17,-0.9358137242823703,-0.9468367346938775
IMXUSDT,IMX,TRADING,coin,1712,2022-01-10,2026-09-17,-0.967838266384778,-0.9739901688394956
GLMRUSDT,GLMR,TRADING,coin,1711,2022-01-11,2026-09-17,-0.9995084631347351,-0.9998843529411765
LOKAUSDT,LOKA,BREAK,coin,1286,2022-01-20,2025-07-28,-0.9481341719077568,-0.9775090909090909
SCRTUSDT,SCRT,BREAK,coin,1687,2022-01-21,2026-09-03,-0.9988638182109137,-0.9992755102040817
API3USDT,API3,TRADING,coin,1701,2022-01-21,2026-09-17,-0.9498501070663812,-0.9760090145461996
BTTCUSDT,BTTC,TRADING,coin,1697,2022-01-25,2026-09-17,-0.8413461538461539,-0.8705882352941177
ACAUSDT,ACA,BREAK,coin,1481,2022-01-25,2026-02-13,-0.9991049229239185,-0.9993571428571428
ANCUSDT,ANC,BREAK,coin,337,2022-01-25,2022-12-27,-0.9805373687461396,-0.9949095315024232
XNOUSDT,XNO,TRADING,coin,1694,2022-01-28,2026-09-17,-0.8612084063047285,-0.9185089974293059
WOOUSDT,WOO,TRADING,coin,1683,2022-02-08,2026-09-17,-0.9859690532389195,-0.9878270762229806
ALPINEUSDT,ALPINE,TRADING,coin,1670,2022-02-21,2026-09-17,-0.9406653562834102,-0.9829995526198058
TUSDT,T,TRADING,coin,1666,2022-02-25,2026-09-17,-0.9646399999999999,-0.9810055865921787
ASTRUSDT,ASTR,TRADING,coin,1663,2022-02-28,2026-09-17,-0.9527238239757208,-0.9815759905381432
GMTUSDT,GMT,TRADING,coin,1654,2022-03-09,2026-09-17,-0.9460111597044186,-0.998286470536148
KDAUSDT,KDA,BREAK,coin,1343,2022-03-11,2025-11-12,-0.9990801778322858,-0.9993798449612403
APEUSDT,APE,TRADING,coin,1646,2022-03-17,2026-09-17,-0.9847755657808245,-0.9953678571428571
BSWUSDT,BSW,BREAK,coin,1202,2022-03-21,2025-07-04,-0.9869555089680876,-0.9948148148148148
BIFIUSDT,BIFI,BREAK,coin,1484,2022-04-01,2026-04-23,-0.9800856132514424,-0.9957489074294795
MULTIUSDT,MULTI,BREAK,coin,686,2022-04-06,2024-02-20,-0.9544013121924549,-0.9673581213307241
STEEMUSDT,STEEM,TRADING,coin,1610,2022-04-22,2026-09-17,-0.8951578539608754,-0.919063995215311
MOBUSDT,MOB,BREAK,coin,706,2022-04-29,2024-04-03,-0.985955816050496,-0.9930777777777777
NEXOUSDT,NEXO,TRADING,coin,1603,2022-04-29,2026-09-17,-0.6544368600682593,-0.8396039603960396
REIUSDT,REI,BREAK,coin,1324,2022-05-04,2025-12-17,-0.9668046357615894,-0.9887089961987893
GALUSDT,GAL,BREAK,coin,803,2022-05-05,2024-07-15,-0.8537399309551208,-0.98729
LDOUSDT,LDO,TRADING,coin,1593,2022-05-09,2026-09-17,-0.82125,-0.9114660723130262
EPXUSDT,EPX,BREAK,coin,827,2022-05-23,2024-08-26,-0.9882779456193354,-0.9938993710691824
OPUSDT,OP,TRADING,coin,1570,2022-06-01,2026-09-17,-0.9181006493506494,-0.9792600205549846
LEVERUSDT,LEVER,BREAK,coin,1088,2022-07-13,2025-07-04,-0.8698884758364313,-0.9674721189591078
STGUSDT,STG,TRADING,coin,1491,2022-08-19,2026-09-17,-0.8226361371455688,-0.8920031785017699
LUNCUSDT,LUNC,TRADING,coin,1470,2022-09-09,2026-09-17,-0.883138641969563,-0.9225
GMXUSDT,GMX,TRADING,coin,1444,2022-10-05,2026-09-17,-0.8556842725309248,-0.9195842450765864
NEBLUSDT,NEBL,BREAK,coin,187,2022-10-14,2023-04-18,-0.8847402597402597,-0.9096002037178508
POLYXUSDT,POLYX,TRADING,coin,1432,2022-10-17,2026-09-17,-0.8863499699338545,-0.95009900990099
APTUSDT,APT,TRADING,coin,1430,2022-10-19,2026-09-17,-0.9203628068354119,-0.99417
OSMOUSDT,OSMO,TRADING,coin,1421,2022-10-28,2026-09-17,-0.9796476306196841,-0.99732
HFTUSDT,HFT,BREAK,coin,1380,2022-11-07,2026-08-17,-0.9931017754923838,-0.9997968571428572
PHBUSDT,PHB,BREAK,coin,1287,2022-11-18,2026-05-27,-0.9635568513119533,-0.9963846710050615
HOOKUSDT,HOOK,BREAK,coin,1218,2022-12-01,2026-04-01,-0.996937092594047,-0.99844
MAGICUSDT,MAGIC,TRADING,coin,1376,2022-12-12,2026-09-17,-0.9433912929794744,-0.9814147137093313
HIFIUSDT,HIFI,BREAK,coin,980,2023-01-12,2025-09-17,-0.7501475506590596,-0.9518063145112325
RPLUSDT,RPL,TRADING,coin,1339,2023-01-18,2026-09-17,-0.9469504447268107,-0.9744335578689528
PROSUSDT,PROS,BREAK,coin,811,2023-01-27,2025-04-16,-0.9471215351812367,-0.9682648012284593
AGIXUSDT,AGIX,BREAK,coin,501,2023-02-17,2024-07-01,0.4057456792949523,-0.5828125
GNSUSDT,GNS,TRADING,coin,1309,2023-02-17,2026-09-17,-0.9597237085319583,-0.9701729106628242
SYNUSDT,SYN,TRADING,coin,1304,2023-02-22,2026-09-17,-0.8879458569599414,-0.9071818181818182
VIBUSDT,VIB,BREAK,coin,799,2023-02-24,2025-05-02,-0.9809564474807857,-0.9873295454545454
SSVUSDT,SSV,TRADING,coin,1302,2023-02-24,2026-09-17,-0.925442536327609,-0.971204081632653
LQTYUSDT,LQTY,TRADING,coin,1298,2023-02-28,2026-09-17,-0.906555863342567,-0.9475647668393783
AMBUSDT,AMB,BREAK,coin,725,2023-03-03,2025-02-24,-0.985239852398524,-0.9882783882783883
BETHUSDT,BETH,BREAK,coin,223,2023-03-03,2023-10-11,0.009823960340788807,-0.2703844350679794
USTCUSDT,USTC,TRADING,coin,1288,2023-03-10,2026-09-17,-0.7608868922541845,-0.9323076923076923
GASUSDT,GAS,TRADING,coin,1281,2023-03-17,2026-09-17,-0.6735833998403831,-0.95897144385742
GLMUSDT,GLM,TRADING,coin,1281,2023-03-17,2026-09-17,-0.5725278953443632,-0.8566451612903225
PROMUSDT,PROM,TRADING,coin,1281,2023-03-17,2026-09-17,-0.0627147766323024,-0.6678236511996103
QKCUSDT,QKC,TRADING,coin,1281,2023-03-17,2026-09-17,-0.7955889809024843,-0.8874883720930232
UFTUSDT,UFT,BREAK,coin,762,2023-03-17,2025-04-16,-0.9805973403095706,-0.9894512267393624
IDUSDT,ID,TRADING,coin,1276,2023-03-22,2026-09-17,-0.9215252152521525,-0.98724
ARBUSDT,ARB,TRADING,coin,1275,2023-03-23,2026-09-17,-0.8646440190663539,-0.9262268041237114
LOOMUSDT,LOOM,BREAK,coin,522,2023-03-24,2024-08-26,-0.2819560047562426,-0.90338
OAXUSDT,OAX,BREAK,coin,628,2023-03-24,2024-12-10,-0.9197669206633796,-0.9346715328467153
RDNTUSDT,RDNT,BREAK,coin,1099,2023-03-30,2026-04-01,-0.9915767847971237,-0.9933870967741936
WBTCUSDT,WBTC,TRADING,coin,1239,2023-04-28,2026-09-17,1.602216623554507,-0.39340010425293637
EDUUSDT,EDU,TRADING,coin,1239,2023-04-28,2026-09-17,-0.9642229978358922,-0.9710324483775811
SUIUSDT,SUI,TRADING,coin,1234,2023-05-03,2026-09-17,-0.4744577625570776,-0.862797325237022
AERGOUSDT,AERGO,BREAK,coin,694,2023-05-05,2025-03-28,-0.5137825421133231,-0.8117402905425437
PEPEUSDT,PEPE,TRADING,coin,1232,2023-05-05,2026-09-17,-0.024128686327077764,-0.8716502115655853
FLOKIUSDT,FLOKI,TRADING,coin,1232,2023-05-05,2026-09-17,-0.496133751306165,-0.9309169054441261
ASTUSDT,AST,BREAK,coin,680,2023-05-19,2025-03-28,-0.8647668393782384,-0.9067857142857143
SNTUSDT,SNT,BREAK,coin,699,2023-05-19,2025-04-16,0.0945674044265592,-0.6873563218390805
COMBOUSDT,COMBO,BREAK,coin,666,2023-06-02,2025-03-28,-0.9847513812154696,-0.9859898477157361
MAVUSDT,MAV,TRADING,coin,1178,2023-06-28,2026-09-17,-0.9805087987758225,-0.9948535353535354
PENDLEUSDT,PENDLE,TRADING,coin,1173,2023-07-03,2026-09-17,1.7365339578454337,-0.6899584753970044
ARKMUSDT,ARKM,TRADING,coin,1158,2023-07-18,2026-09-17,-0.8449612403100776,-0.9744763906613617
WBETHUSDT,WBETH,TRADING,coin,1157,2023-07-19,2026-09-17,0.4228364300177303,-0.6462070836583336
WLDUSDT,WLD,TRADING,coin,1152,2023-07-24,2026-09-17,-0.8244794076816289,-0.968317741396592
FDUSDUSDT,FDUSD,TRADING,stablecoin,1150,2023-07-26,2026-09-17,-0.0018984812150278918,-0.16938300349243296
SEIUSDT,SEI,TRADING,coin,1130,2023-08-15,2026-09-17,-0.7546674119619899,-0.9616681222707424
CYBERUSDT,CYBER,TRADING,coin,1130,2023-08-15,2026-09-17,-0.9404736505227225,-0.9843170320404722
ARKUSDT,ARK,TRADING,coin,1092,2023-09-22,2026-09-17,-0.7749101600784057,-0.9417212941425248
CREAMUSDT,CREAM,BREAK,coin,573,2023-09-22,2025-04-16,-0.8169136878814298,-0.9785648667959579
GFTUSDT,GFT,BREAK,coin,439,2023-09-22,2024-12-03,-0.8596993557623479,-0.9701082812261705
IQUSDT,IQ,TRADING,coin,1092,2023-09-22,2026-09-17,-0.8468926553672316,-0.966639310627821
NTRNUSDT,NTRN,BREAK,coin,905,2023-10-10,2026-04-01,-0.9958148051268637,-0.9992040592975824
TIAUSDT,TIA,TRADING,coin,1053,2023-10-31,2026-09-17,-0.8448200175592625,-0.9832793321192914
MEMEUSDT,MEME,TRADING,coin,1050,2023-11-03,2026-09-17,-0.9799297924297924,-0.99474
ORDIUSDT,ORDI,TRADING,coin,1046,2023-11-07,2026-09-17,-0.6944566975444788,-0.9571546391752578
BEAMXUSDT,BEAMX,TRADING,coin,1039,2023-11-14,2026-09-17,-0.7713052858683926,-0.96177511325475
PIVXUSDT,PIVX,BREAK,coin,1006,2023-11-16,2026-08-17,-0.9828136073706591,-0.9849027237354085
VICUSDT,VIC,BREAK,coin,998,2023-11-24,2026-08-17,-0.9938449240607514,-0.994776119402985
BLURUSDT,BLUR,TRADING,coin,1029,2023-11-24,2026-09-17,-0.9733497840838988,-0.9792830595851816
VANRYUSDT,VANRY,BREAK,coin,991,2023-12-01,2026-08-17,-0.9890855457227139,-0.9980716109866055
AEURUSDT,AEUR,BREAK,stablecoin,969,2023-12-04,2026-07-31,0.05630942490538193,-0.6730571428571428
JTOUSDT,JTO,TRADING,coin,1016,2023-12-07,2026-09-17,-0.8127924465240641,-0.9159271280887071
1000SATSUSDT,1000SATS,TRADING,coin,1011,2023-12-12,2026-09-17,-0.9813519391083726,-0.9890857021637675
BONKUSDT,BONK,TRADING,coin,1008,2023-12-15,2026-09-17,-0.8857985672144965,-0.9565008025682183
ACEUSDT,ACE,TRADING,coin,1005,2023-12-18,2026-09-17,-0.9890386278466416,-0.9911826086956522
NFPUSDT,NFP,BREAK,coin,927,2023-12-27,2026-07-10,-0.9984310122138331,-0.9990372340425532
AIUSDT,AI,TRADING,coin,988,2024-01-04,2026-09-17,-0.9861283610497282,-0.9933333333333333
XAIUSDT,XAI,TRADING,coin,983,2024-01-09,2026-09-17,-0.9881697171381032,-0.9956566890653634
MANTAUSDT,MANTA,TRADING,coin,974,2024-01-18,2026-09-17,-0.9728954096321717,-0.9855996084189916
ALTUSDT,ALT,TRADING,coin,967,2024-01-25,2026-09-17,-0.9797006229274491,-0.9905755395683453
JUPUSDT,JUP,TRADING,coin,961,2024-01-31,2026-09-17,-0.6477255553876379,-0.8738363282095691
PYTHUSDT,PYTH,TRADING,coin,959,2024-02-02,2026-09-17,-0.8838669438669439,-0.9518780151619572
RONINUSDT,RONIN,TRADING,coin,956,2024-02-05,2026-09-17,-0.9815033161385409,-0.9889476001761338
DYMUSDT,DYM,TRADING,coin,955,2024-02-06,2026-09-17,-0.9969476035743298,-0.9982791389970231
PIXELUSDT,PIXEL,TRADING,coin,942,2024-02-19,2026-09-17,-0.9912146118721461,-0.9953602778045721
STRKUSDT,STRK,TRADING,coin,941,2024-02-20,2026-09-17,-0.9853893129770992,-0.9962762645914397
PORTALUSDT,PORTAL,TRADING,coin,932,2024-02-29,2026-09-17,-0.9925771476230192,-0.995860465116279
PDAUSDT,PDA,BREAK,coin,428,2024-03-01,2025-05-02,-0.969003807106599,-0.9770117647058824
AXLUSDT,AXL,TRADING,coin,931,2024-03-01,2026-09-17,-0.978214611409464,-0.9844765342960289
WIFUSDT,WIF,TRADING,coin,927,2024-03-05,2026-09-17,-0.8791855203619909,-0.9615432098765432
METISUSDT,METIS,TRADING,coin,921,2024-03-11,2026-09-17,-0.9775751233368216,-0.9808819780780015
AEVOUSDT,AEVO,TRADING,coin,919,2024-03-13,2026-09-17,-0.99332,-0.994489847715736
BOMEUSDT,BOME,TRADING,coin,916,2024-03-16,2026-09-17,-0.9546849446849447,-0.968003667979894
ETHFIUSDT,ETHFI,TRADING,coin,914,2024-03-18,2026-09-17,-0.8014102564102564,-0.9284526558891455
ENAUSDT,ENA,TRADING,coin,899,2024-04-02,2026-09-17,-0.8019354838709678,-0.8992120814182535
WUSDT,W,TRADING,coin,898,2024-04-03,2026-09-17,-0.9924045801526717,-0.9946505376344086
TNSRUSDT,TNSR,TRADING,coin,893,2024-04-08,2026-09-17,-0.9789225751902404,-0.9870211974711789
SAGAUSDT,SAGA,TRADING,coin,892,2024-04-09,2026-09-17,-0.9967221866325006,-0.997276299112801
TAOUSDT,TAO,TRADING,coin,890,2024-04-11,2026-09-17,-0.6310555020853384,-0.8158526821457166
OMNIUSDT,OMNI,BREAK,coin,531,2024-04-17,2025-09-29,-0.8570375829034635,-0.9300900900900901
REZUSDT,REZ,TRADING,coin,871,2024-04-30,2026-09-17,-0.9762125,-0.9872666443626631
BBUSDT,BB,TRADING,coin,858,2024-05-13,2026-09-17,-0.9816017797552836,-0.990590510865855
NOTUSDT,NOT,TRADING,coin,855,2024-05-16,2026-09-17,-0.9406746292164326,-0.9877837837837837
IOUSDT,IO,TRADING,coin,829,2024-06-11,2026-09-17,-0.9689853681938114,-0.9801076923076923
ZKUSDT,ZK,TRADING,coin,823,2024-06-17,2026-09-17,-0.9571361502347417,-0.9690508474576272
LISTAUSDT,LISTA,TRADING,coin,820,2024-06-20,2026-09-17,-0.8922573933719721,-0.9154124372885311
ZROUSDT,ZRO,TRADING,coin,820,2024-06-20,2026-09-17,-0.6966783216783217,-0.8624289678868773
GUSDT,G,TRADING,coin,791,2024-07-19,2026-09-17,-0.9226691612098534,-0.938
BANANAUSDT,BANANA,TRADING,coin,790,2024-07-20,2026-09-17,-0.9402680380239987,-0.9512836807320794
RENDERUSDT,RENDER,TRADING,coin,784,2024-07-26,2026-09-17,-0.7897299690128375,-0.8802521008403361
TONUSDT,TON,BREAK,coin,692,2024-08-08,2026-06-30,-0.7426825345770345,-0.7798871921859953
DOGSUSDT,DOGS,TRADING,coin,753,2024-08-26,2026-09-17,-0.9624303963314772,-0.9745111111111111
EURIUSDT,EURI,TRADING,coin,751,2024-08-28,2026-09-17,0.03403259205906184,-0.11653846153846148
SLFUSDT,SLF,BREAK,coin,384,2024-08-30,2025-09-17,-0.9705090032610236,-0.9763636363636363
POLUSDT,POL,TRADING,coin,735,2024-09-13,2026-09-17,-0.7624391431353457,-0.90241
NEIROUSDT,NEIRO,TRADING,coin,732,2024-09-16,2026-09-17,-0.7702353496901831,-0.9734737544469716
TURBOUSDT,TURBO,TRADING,coin,732,2024-09-16,2026-09-17,-0.8026828212894851,-0.937007874015748
1MBABYDOGEUSDT,1MBABYDOGE,TRADING,coin,732,2024-09-16,2026-09-17,-0.8015512169029152,-0.9446615554428567
CATIUSDT,CATI,TRADING,coin,728,2024-09-20,2026-09-17,-0.931968832309043,-0.9483416666666666
HMSTRUSDT,HMSTR,TRADING,coin,722,2024-09-26,2026-09-17,-0.9754391371340524,-0.9887341861615662
EIGENUSDT,EIGEN,TRADING,coin,717,2024-10-01,2026-09-17,-0.9497134313481186,-0.96433998939742
SCRUSDT,SCR,TRADING,coin,707,2024-10-11,2026-09-17,-0.9810884955752213,-0.9889845360824743
BNSOLUSDT,BNSOL,TRADING,coin,701,2024-10-17,2026-09-17,-0.2450462351387055,-0.6221487603305785
LUMIAUSDT,LUMIA,TRADING,coin,700,2024-10-18,2026-09-17,-0.9508086253369272,-0.9820197044334975
KAIAUSDT,KAIA,TRADING,coin,687,2024-10-31,2026-09-17,-0.7952314165497896,-0.9312941176470588
COWUSDT,COW,TRADING,coin,681,2024-11-06,2026-09-17,-0.7438697318007663,-0.89130081300813
CETUSUSDT,CETUS,TRADING,coin,681,2024-11-06,2026-09-17,-0.9306149732620321,-0.9582461786001609
PNUTUSDT,PNUT,TRADING,coin,676,2024-11-11,2026-09-17,-0.8810133060388946,-0.9814
ACTUSDT,ACT,TRADING,coin,676,2024-11-11,2026-09-17,-0.9784419073203492,-0.9898631578947369
USUALUSDT,USUAL,TRADING,coin,668,2024-11-19,2026-09-17,-0.9602384291725106,-0.9931360087161794
THEUSDT,THE,TRADING,coin,660,2024-11-27,2026-09-17,-0.97754755212759,-0.9835861904193047
ACXUSDT,ACX,BREAK,coin,620,2024-12-06,2026-08-17,-0.9619579258165714,-0.9778333333333333
ORCAUSDT,ORCA,TRADING,coin,651,2024-12-06,2026-09-17,-0.8027162258756255,-0.8921875
MOVEUSDT,MOVE,TRADING,coin,648,2024-12-09,2026-09-17,-0.9889765922700055,-0.9942553191489362
MEUSDT,ME,TRADING,coin,647,2024-12-10,2026-09-17,-0.9889649091870922,-0.9921775
VELODROMEUSDT,VELODROME,TRADING,coin,644,2024-12-13,2026-09-17,-0.9093601462522852,-0.9361082474226804
VANAUSDT,VANA,TRADING,coin,641,2024-12-16,2026-09-17,-0.972210110171216,-0.9732960893854748
1000CATUSDT,1000CAT,TRADING,coin,640,2024-12-17,2026-09-17,-0.9563266199649737,-0.97185780787135
PENGUUSDT,PENGU,TRADING,coin,640,2024-12-17,2026-09-17,-0.74760907504363,-0.8967
BIOUSDT,BIO,TRADING,coin,623,2025-01-03,2026-09-17,-0.969081532416503,-0.9829519295870007
DUSDT,D,BREAK,coin,527,2025-01-09,2026-06-19,-0.9746005509641873,-0.9787626111392639
AIXBTUSDT,AIXBT,TRADING,coin,616,2025-01-10,2026-09-17,-0.9611780984384266,-0.9801616161616161
CGPTUSDT,CGPT,TRADING,coin,616,2025-01-10,2026-09-17,-0.9492561105207227,-0.9596194503171247
COOKIEUSDT,COOKIE,TRADING,coin,616,2025-01-10,2026-09-17,-0.9824410397658805,-0.9854264894984998
SUSDT,S,TRADING,coin,610,2025-01-16,2026-09-17,-0.9655154771041187,-0.9727676767676767
SOLVUSDT,SOLV,TRADING,coin,609,2025-01-17,2026-09-17,-0.965562403697997,-0.9773096446700508
TRUMPUSDT,TRUMP,TRADING,coin,607,2025-01-19,2026-09-17,-0.9579569892473119,-0.9746892801657172
ANIMEUSDT,ANIME,TRADING,coin,603,2025-01-23,2026-09-17,-0.9680947012401353,-0.9735514018691589
BERAUSDT,BERA,TRADING,coin,589,2025-02-06,2026-09-17,-0.9787541585407824,-0.9880516129032259
1000CHEEMSUSDT,1000CHEEMS,TRADING,coin,586,2025-02-09,2026-09-17,-0.314516129032258,-0.766376546037563
TSTUSDT,TST,TRADING,coin,586,2025-02-09,2026-09-17,-0.9325167037861916,-0.9713068181818182
LAYERUSDT,LAYER,TRADING,coin,584,2025-02-11,2026-09-17,-0.9351289833080425,-0.980060053056584
HEIUSDT,HEI,TRADING,coin,582,2025-02-13,2026-09-17,-0.8393513239579374,-0.9148993288590604
KAITOUSDT,KAITO,TRADING,coin,575,2025-02-20,2026-09-17,-0.8188009242368965,-0.8982031837125094
SHELLUSDT,SHELL,TRADING,coin,568,2025-02-27,2026-09-17,-0.9653788258906172,-0.9708409635159881
REDUSDT,RED,TRADING,coin,567,2025-02-28,2026-09-17,-0.6752500000000001,-0.9110822095968238
GPSUSDT,GPS,TRADING,coin,563,2025-03-04,2026-09-17,-0.8419117647058824,-0.9288079470198676
EPICUSDT,EPIC,TRADING,coin,554,2025-03-13,2026-09-17,-0.7805486284289277,-0.8908865468071916
BMTUSDT,BMT,TRADING,coin,549,2025-03-18,2026-09-17,-0.9302996254681648,-0.9435718617343845
FORMUSDT,FORM,TRADING,coin,548,2025-03-19,2026-09-17,-0.8547248838143324,-0.9410216393748108
XUSDUSDT,XUSD,TRADING,stablecoin,548,2025-03-19,2026-09-17,0.001100330099029545,-0.16600000000000004
NILUSDT,NIL,TRADING,coin,543,2025-03-24,2026-09-17,-0.9432049518569463,-0.9577379733879222
PARTIUSDT,PARTI,TRADING,coin,542,2025-03-25,2026-09-17,-0.9314024390243902,-0.9486535828388863
MUBARAKUSDT,MUBARAK,TRADING,coin,540,2025-03-27,2026-09-17,-0.7059322033898305,-0.84385
TUTUSDT,TUT,TRADING,coin,540,2025-03-27,2026-09-17,-0.575675109901612,-0.933677976638419
BROCCOLI714USDT,BROCCOLI714,TRADING,coin,540,2025-03-27,2026-09-17,-0.7418139669660968,-0.888625
BANANAS31USDT,BANANAS31,TRADING,coin,540,2025-03-27,2026-09-17,0.12669407644282016,-0.8999783707789223
GUNUSDT,GUN,TRADING,coin,536,2025-03-31,2026-09-17,-0.9662022703818369,-0.9825333333333334
BABYUSDT,BABY,TRADING,coin,526,2025-04-10,2026-09-17,-0.873309022467945,-0.9407427785419532
ONDOUSDT,ONDO,TRADING,coin,525,2025-04-11,2026-09-17,-0.5806668158424704,-0.679521162890124
BIGTIMEUSDT,BIGTIME,TRADING,coin,525,2025-04-11,2026-09-17,-0.9041280086056206,-0.9224156692056583
VIRTUALUSDT,VIRTUAL,TRADING,coin,525,2025-04-11,2026-09-17,0.1585227272727272,-0.7637311703360371
KERNELUSDT,KERNEL,TRADING,coin,522,2025-04-14,2026-09-17,-0.8775698066891685,-0.9556173526140156
WCTUSDT,WCT,TRADING,coin,521,2025-04-15,2026-09-17,-0.8732023851280253,-0.9740692920163546
HYPERUSDT,HYPER,TRADING,coin,514,2025-04-22,2026-09-17,-0.7481563421828908,-0.9031617751311498
INITUSDT,INIT,TRADING,coin,512,2025-04-24,2026-09-17,-0.9011791202967674,-0.9484768943841956
SIGNUSDT,SIGN,TRADING,coin,508,2025-04-28,2026-09-17,-0.8668811084993195,-0.9202962962962963
STOUSDT,STO,TRADING,coin,504,2025-05-02,2026-09-17,-0.8020408163265307,-0.9791397849462365
SYRUPUSDT,SYRUP,TRADING,leveraged,500,2025-05-06,2026-09-17,-0.06195899772209568,-0.7941
KMNOUSDT,KMNO,TRADING,coin,500,2025-05-06,2026-09-17,-0.6585965343492688,-0.7328589287431484
SXTUSDT,SXT,TRADING,coin,498,2025-05-08,2026-09-17,-0.9451169188445667,-0.9598591549295775
NXPCUSDT,NXPC,TRADING,coin,491,2025-05-15,2026-09-17,-0.9193523809523809,-0.9452603816517557
AWEUSDT,AWE,TRADING,coin,485,2025-05-21,2026-09-17,-0.05084745762711862,-0.49968924798011183
HAEDALUSDT,HAEDAL,TRADING,coin,485,2025-05-21,2026-09-17,-0.8958356781091728,-0.939450441609421
USD1USDT,USD1,TRADING,stablecoin,484,2025-05-22,2026-09-17,0.00012001200119993172,-0.029106796116505018
HUMAUSDT,HUMA,TRADING,coin,480,2025-05-26,2026-09-17,-0.6323024054982818,-0.7678301886792452
AUSDT,A,TRADING,coin,478,2025-05-28,2026-09-17,-0.8976554267650158,-0.9021164021164021
SOPHUSDT,SOPH,TRADING,coin,478,2025-05-28,2026-09-17,-0.9418132611637348,-0.9560227272727273
RESOLVUSDT,RESOLV,TRADING,coin,464,2025-06-11,2026-09-17,-0.951559312153891,-0.9613398464759246
HOMEUSDT,HOME,TRADING,coin,463,2025-06-12,2026-09-17,-0.8114950393431406,-0.9288756938169614
SPKUSDT,SPK,TRADING,coin,458,2025-06-17,2026-09-17,-0.6670830080666146,-0.9051026311755486
NEWTUSDT,NEWT,TRADING,coin,451,2025-06-24,2026-09-17,-0.9216408148009718,-0.9512441860465116
SAHARAUSDT,SAHARA,TRADING,coin,449,2025-06-26,2026-09-17,-0.9104304810019997,-0.9492122224874672
LAUSDT,LA,TRADING,coin,436,2025-07-09,2026-09-17,-0.8720139832977277,-0.906657223796034
ERAUSDT,ERA,TRADING,coin,428,2025-07-17,2026-09-17,-0.9659337437701554,-0.9717426195223968
CUSDT,C,TRADING,coin,427,2025-07-18,2026-09-17,-0.81812318606901,-0.9248
TREEUSDT,TREE,TRADING,coin,416,2025-07-29,2026-09-17,-0.9413603214764101,-0.9737333333333333
A2ZUSDT,A2Z,BREAK,coin,246,2025-07-30,2026-04-01,-0.9825036450739429,-0.9926829268292683
TOWNSUSDT,TOWNS,TRADING,coin,409,2025-08-05,2026-09-17,-0.953551912568306,-0.9750666666666666
PROVEUSDT,PROVE,TRADING,coin,409,2025-08-05,2026-09-17,-0.8004030226700252,-0.897090909090909
BFUSDUSDT,BFUSD,TRADING,coin,401,2025-08-13,2026-09-17,0.0007005604483587557,-0.07416666666666671
PLUMEUSDT,PLUME,TRADING,coin,396,2025-08-18,2026-09-17,-0.8596434007392911,-0.908608240124593
DOLOUSDT,DOLO,TRADING,coin,387,2025-08-27,2026-09-17,-0.8898820326678766,-0.9347405216456036
MITOUSDT,MITO,TRADING,coin,385,2025-08-29,2026-09-17,-0.9363924050632911,-0.9684670551322277
WLFIUSDT,WLFI,TRADING,coin,382,2025-09-01,2026-09-17,-0.7498929336188437,-0.8778242677824267
SOMIUSDT,SOMI,TRADING,coin,381,2025-09-02,2026-09-17,-0.6538539760016271,-0.9107077278212056
OPENUSDT,OPEN,TRADING,coin,375,2025-09-08,2026-09-17,-0.905276364396738,-0.9627671232876712
USDEUSDT,USDE,TRADING,stablecoin,374,2025-09-09,2026-09-17,-0.0002997601918465209,-0.06100422336931011
LINEAUSDT,LINEA,TRADING,coin,373,2025-09-10,2026-09-17,-0.8911168607158257,-0.9419940271077418
HOLOUSDT,HOLO,TRADING,coin,372,2025-09-11,2026-09-17,-0.8774720550300946,-0.9344827586206896
PUMPUSDT,PUMP,TRADING,coin,372,2025-09-11,2026-09-17,-0.33412523332767685,-0.5630289532293986
AVNTUSDT,AVNT,TRADING,coin,368,2025-09-15,2026-09-17,-0.920870822622108,-0.9632339218394237
ZKCUSDT,ZKC,TRADING,coin,368,2025-09-15,2026-09-17,-0.9596550989993613,-0.9798832271762208
SKYUSDT,SKY,TRADING,coin,366,2025-09-17,2026-09-17,-0.23400104058272642,-0.3801052631578947
BARDUSDT,BARD,TRADING,coin,365,2025-09-18,2026-09-17,-0.8851638492775522,-0.9297109826589596
0GUSDT,0G,TRADING,coin,361,2025-09-22,2026-09-17,-0.9578425294482331,-0.971900826446281
HEMIUSDT,HEMI,TRADING,coin,360,2025-09-23,2026-09-17,-0.9539797395079594,-0.9908620689655172
XPLUSDT,XPL,TRADING,coin,358,2025-09-25,2026-09-17,-0.9321302747984028,-0.9487950383933845
MIRAUSDT,MIRA,TRADING,coin,357,2025-09-26,2026-09-17,-0.9689731372142808,-0.9804652173913043
FFUSDT,FF,TRADING,coin,354,2025-09-29,2026-09-17,-0.535583714904341,-0.7744137931034483
EDENUSDT,EDEN,TRADING,coin,353,2025-09-30,2026-09-17,-0.8746317103620475,-0.9641613133476088
NOMUSDT,NOM,TRADING,coin,352,2025-10-01,2026-09-17,-0.9597399349837459,-0.9688828759180518
2ZUSDT,2Z,TRADING,coin,351,2025-10-02,2026-09-17,-0.9212876254180602,-0.9632265625
MORPHOUSDT,MORPHO,TRADING,coin,350,2025-10-03,2026-09-17,0.1820608649225841,-0.262
ASTERUSDT,ASTER,TRADING,coin,347,2025-10-06,2026-09-17,-0.6383906931652933,-0.7513333333333333
WALUSDT,WAL,TRADING,coin,343,2025-10-10,2026-09-17,-0.8863731656184486,-0.9271505376344086
EULUSDT,EUL,TRADING,coin,340,2025-10-13,2026-09-17,-0.8633960668217382,-0.8921985815602836
ENSOUSDT,ENSO,TRADING,coin,339,2025-10-14,2026-09-17,-0.713237639553429,-0.7833734939759036
YBUSDT,YB,TRADING,coin,338,2025-10-15,2026-09-17,-0.8801850193971948,-0.9049028896257698
ZBTUSDT,ZBT,TRADING,coin,336,2025-10-17,2026-09-17,-0.8143912318322611,-0.912343873073028
TURTLEUSDT,TURTLE,TRADING,coin,331,2025-10-22,2026-09-17,-0.7672112018669779,-0.912403951701427
GIGGLEUSDT,GIGGLE,TRADING,coin,328,2025-10-25,2026-09-17,-0.8507596832869677,-0.888629830725008
FUSDT,F,TRADING,coin,328,2025-10-25,2026-09-17,-0.854706684856753,-0.88801261829653
KITEUSDT,KITE,TRADING,coin,319,2025-11-03,2026-09-17,0.3578811369509045,-0.6749149396845036
MMTUSDT,MMT,TRADING,coin,318,2025-11-04,2026-09-17,-0.9468560606060606,-0.968650846851678
SAPIENUSDT,SAPIEN,TRADING,coin,316,2025-11-06,2026-09-17,-0.7890783010690552,-0.8716821937071542
ALLOUSDT,ALLO,TRADING,coin,311,2025-11-11,2026-09-17,-0.5677227301722305,-0.7943764539294023
BANKUSDT,BANK,TRADING,coin,309,2025-11-13,2026-09-17,-0.48250460405156537,-0.9527731092436975
METUSDT,MET,TRADING,coin,309,2025-11-13,2026-09-17,-0.47420965058236275,-0.5970856102003643
ATUSDT,AT,TRADING,coin,295,2025-11-27,2026-09-17,-0.36636363636363634,-0.6191256830601093
KGSTUSDT,KGST,TRADING,coin,268,2025-12-24,2026-09-17,-0.0023663453111305577,-0.05925619834710738
BREVUSDT,BREV,TRADING,coin,255,2026-01-06,2026-09-17,-0.7881114903299204,-0.875
币安人生USDT,币安人生,TRADING,coin,0,,,,
ZKPUSDT,ZKP,TRADING,coin,254,2026-01-07,2026-09-17,-0.7975632614807873,-0.8173361522198731
UUSDT,U,TRADING,coin,248,2026-01-13,2026-09-17,0.00039999999999995595,-0.006751389992057377
FRAXUSDT,FRAX,TRADING,coin,246,2026-01-15,2026-09-17,-0.7199489850143479,-0.8325921219822109
FOGOUSDT,FOGO,TRADING,coin,246,2026-01-15,2026-09-17,-0.8713846153846154,-0.9354140914709518
RLUSDUSDT,RLUSD,TRADING,stablecoin,239,2026-01-22,2026-09-17,0.0,-0.002988643156007331
SENTUSDT,SENT,TRADING,coin,239,2026-01-22,2026-09-17,-0.46550569323509716,-0.6775757575757576
ZAMAUSDT,ZAMA,TRADING,coin,228,2026-02-02,2026-09-17,0.40519920881604987,-0.254646282973621
ESPUSDT,ESP,TRADING,coin,218,2026-02-12,2026-09-17,0.16300290335960166,-0.6306476399560923
MANTRAUSDT,MANTRA,TRADING,coin,198,2026-03-04,2026-09-17,-0.8311148086522462,-0.8499075785582255
ROBOUSDT,ROBO,TRADING,coin,198,2026-03-04,2026-09-17,-0.794589418242758,-0.8290155440414508
OPNUSDT,OPN,TRADING,coin,197,2026-03-05,2026-09-17,-0.876734693877551,-0.9245
NIGHTUSDT,NIGHT,TRADING,coin,191,2026-03-11,2026-09-17,-0.5461714048557791,-0.6040195545898968
CFGUSDT,CFG,TRADING,coin,186,2026-03-16,2026-09-17,-0.3779569892473118,-0.6694285714285715
KATUSDT,KAT,TRADING,coin,184,2026-03-18,2026-09-17,-0.6200527704485488,-0.8590538336052203
XAUTUSDT,XAUT,TRADING,coin,176,2026-03-26,2026-09-17,-0.014572019272011794,-0.10748024698463332
USDSUSDT,USDS,TRADING,stablecoin,162,2026-04-09,2026-09-17,0.0010005002501249916,-0.010972716488730883
CHIPUSDT,CHIP,TRADING,coin,150,2026-04-21,2026-09-17,-0.3851924331376386,-0.7320349705025233
MEGAUSDT,MEGA,TRADING,coin,141,2026-04-30,2026-09-17,-0.7893157262905162,-0.9051351351351351
AIGENSYNUSDT,AIGENSYN,TRADING,coin,127,2026-05-14,2026-09-17,-0.5289256198347108,-0.6458294106571267
GENIUSUSDT,GENIUS,TRADING,coin,119,2026-05-22,2026-09-17,-0.4400895856662934,-0.5771414763803311
OPGUSDT,OPG,TRADING,coin,119,2026-05-22,2026-09-17,-0.5229357798165137,-0.6993350679387106
MUBUSDT,MUB,TRADING,coin,99,2026-06-11,2026-09-17,-0.017676160717862377,-0.21937573616018846
CRCLBUSDT,CRCLB,TRADING,coin,99,2026-06-11,2026-09-17,0.015994270708999725,-0.19439712284686728
NVDABUSDT,NVDAB,TRADING,coin,99,2026-06-11,2026-09-17,0.06716599387189315,-0.06538314094645836
SNDKBUSDT,SNDKB,TRADING,coin,99,2026-06-11,2026-09-17,-0.15856948307079022,-0.3213463569832379
TSLABUSDT,TSLAB,TRADING,coin,99,2026-06-11,2026-09-17,-0.08304324960556964,-0.1640983494281214
SPCXBUSDT,SPCXB,TRADING,coin,98,2026-06-12,2026-09-17,-0.07570076772004997,-0.3245629294598591
REUSDT,RE,TRADING,coin,92,2026-06-18,2026-09-17,0.009176416609314009,-0.5980078589052362
AMDBUSDT,AMDB,TRADING,coin,87,2026-06-23,2026-09-17,0.04324654734389033,-0.06581940714640033
EWYBUSDT,EWYB,TRADING,coin,87,2026-06-23,2026-09-17,-0.06961382113821146,-0.14586929141204463
INTCBUSDT,INTCB,TRADING,coin,87,2026-06-23,2026-09-17,-0.1755351220982816,-0.23235087719298242
MSTRBUSDT,MSTRB,TRADING,coin,87,2026-06-23,2026-09-17,0.2620729146783738,-0.10187449062754683
LITEBUSDT,LITEB,TRADING,coin,80,2026-06-30,2026-09-17,0.04583639181143462,-0.12543479319920092
METABUSDT,METAB,TRADING,coin,80,2026-06-30,2026-09-17,0.20534861509073554,-0.010569719495905683
MSFTBUSDT,MSFTB,TRADING,coin,80,2026-06-30,2026-09-17,0.3191754655913408,-0.039297513475917256
PLTRBUSDT,PLTRB,TRADING,coin,80,2026-06-30,2026-09-17,0.4894049838955754,-0.06705601274223516
QQQBUSDT,QQQB,TRADING,coin,80,2026-06-30,2026-09-17,-0.025030608080533256,-0.032649921040910135
GRAMUSDT,GRAM,TRADING,coin,78,2026-07-02,2026-09-17,-0.19544364508393275,-0.27183939229517085
CBRSBUSDT,CBRSB,TRADING,coin,73,2026-07-07,2026-09-17,0.10318225650916113,-0.2683495730032731
COINBUSDT,COINB,TRADING,coin,73,2026-07-07,2026-09-17,0.062392848395787404,-0.11488037545273688
DRAMBUSDT,DRAMB,TRADING,coin,73,2026-07-07,2026-09-17,-0.019133084998306904,-0.1255849056603774
GLWBUSDT,GLWB,TRADING,coin,73,2026-07-07,2026-09-17,-0.1932238416358495,-0.27623554666536565
GOOGLBUSDT,GOOGLB,TRADING,coin,73,2026-07-07,2026-09-17,-0.05351051927852213,-0.09810447489534302
NBISBUSDT,NBISB,TRADING,coin,73,2026-07-07,2026-09-17,0.13626362112321866,-0.23956945515742245
QCOMBUSDT,QCOMB,TRADING,coin,73,2026-07-07,2026-09-17,0.03033278777959625,-0.03780313837375171
SOXLBUSDT,SOXLB,TRADING,coin,73,2026-07-07,2026-09-17,-0.2803363031748023,-0.4390100753203561
SPYBUSDT,SPYB,TRADING,coin,73,2026-07-07,2026-09-17,0.019763321521695465,-0.021616975419510465
WDCBUSDT,WDCB,TRADING,coin,73,2026-07-07,2026-09-17,-0.19051794803362765,-0.29429459374117106
SKHYBUSDT,SKHYB,TRADING,coin,67,2026-07-13,2026-09-17,0.19934640522875813,-0.08093759390964639
AAOIBUSDT,AAOIB,TRADING,coin,65,2026-07-15,2026-09-17,-0.08794758213362863,-0.3862634291746879
ARMBUSDT,ARMB,TRADING,coin,65,2026-07-15,2026-09-17,-0.031083351596172037,-0.11564875316708889
AVGOBUSDT,AVGOB,TRADING,coin,65,2026-07-15,2026-09-17,-0.11865822784810132,-0.1955215602902436
BABABUSDT,BABAB,TRADING,coin,65,2026-07-15,2026-09-17,-0.08186344839226933,-0.1824603592094386
HOODBUSDT,HOODB,TRADING,coin,65,2026-07-15,2026-09-17,-0.05419655977180393,-0.1441533046538912
IBMBUSDT,IBMB,TRADING,coin,65,2026-07-15,2026-09-17,0.12069127896025611,-0.06380551512529009
MRVLBUSDT,MRVLB,TRADING,coin,65,2026-07-15,2026-09-17,0.1717958706661471,-0.07602518814314241
NOKBUSDT,NOKB,TRADING,coin,65,2026-07-15,2026-09-17,-0.05164737310774714,-0.12201154163231664
TSMBUSDT,TSMB,TRADING,coin,65,2026-07-15,2026-09-17,0.014726011233303415,-0.031903636158955195
RKLBBUSDT,RKLBB,TRADING,coin,65,2026-07-15,2026-09-17,-0.09973509933774838,-0.21711587191891268
AEROUSDT,AERO,TRADING,coin,63,2026-07-17,2026-09-17,0.2509586706433746,-0.1313609467455621
AXTIBUSDT,AXTIB,TRADING,coin,58,2026-07-22,2026-09-17,0.27487795719113794,-0.30537084398976977
CRWVBUSDT,CRWVB,TRADING,coin,58,2026-07-22,2026-09-17,-0.056301531213192035,-0.31893913634818083
INTWBUSDT,INTWB,TRADING,coin,58,2026-07-22,2026-09-17,0.013338414634146423,-0.15210459183673464
KORUBUSDT,KORUB,TRADING,coin,58,2026-07-22,2026-09-17,-0.047641073080481044,-0.1997668091721726
MUUBUSDT,MUUB,TRADING,coin,58,2026-07-22,2026-09-17,-0.125,-0.17202318229715496
MVLLBUSDT,MVLLB,TRADING,coin,58,2026-07-22,2026-09-17,0.07819225251076034,-0.1809264305177113
ORCLBUSDT,ORCLB,TRADING,coin,58,2026-07-22,2026-09-17,0.1914792524548623,-0.11758841123687747
QNTBUSDT,QNTB,TRADING,coin,58,2026-07-22,2026-09-17,-0.005108556832694733,-0.2518864041706681
SNXXBUSDT,SNXXB,TRADING,coin,58,2026-07-22,2026-09-17,-0.20540540540540542,-0.27657480314960636
TQQQBUSDT,TQQQB,TRADING,coin,58,2026-07-22,2026-09-17,0.021212555539630307,-0.0905029359203472
AAPLBUSDT,AAPLB,TRADING,coin,51,2026-07-29,2026-09-17,-0.011174986801196662,-0.022528269063496587
AMATBUSDT,AMATB,TRADING,coin,51,2026-07-29,2026-09-17,-0.0681301537775797,-0.2584506792466216
AMZNBUSDT,AMZNB,TRADING,coin,51,2026-07-29,2026-09-17,0.09057766589991756,-0.12534372933273008
BEBUSDT,BEB,TRADING,coin,51,2026-07-29,2026-09-17,0.6837457952907258,-0.026870335011282775
DELLBUSDT,DELLB,TRADING,coin,51,2026-07-29,2026-09-17,0.591816367265469,-0.004806070826306907
FLNCBUSDT,FLNCB,TRADING,coin,51,2026-07-29,2026-09-17,-0.36423841059602646,-0.5294117647058824
GSBUSDT,GSB,TRADING,coin,51,2026-07-29,2026-09-17,-0.031184840871873565,-0.13321503321503325
PYPLBUSDT,PYPLB,TRADING,coin,51,2026-07-29,2026-09-17,-0.0901611244429209,-0.17756430120855293
SMHBUSDT,SMHB,TRADING,coin,51,2026-07-29,2026-09-17,0.1098031457117421,-0.06724421756264642
SOXSBUSDT,SOXSB,TRADING,coin,51,2026-07-29,2026-09-17,-0.3797328927440452,-0.41758241758241754
ASMLBUSDT,ASMLB,TRADING,coin,44,2026-08-05,2026-09-17,-0.028710871158624807,-0.14019623358126287
ASTSBUSDT,ASTSB,TRADING,coin,44,2026-08-05,2026-09-17,-0.0779392338177014,-0.16429426632965283
BMNRBUSDT,BMNRB,TRADING,coin,44,2026-08-05,2026-09-17,0.3061002178649239,-0.11086392287727098
COHRBUSDT,COHRB,TRADING,coin,44,2026-08-05,2026-09-17,-0.08739693029863194,-0.25697115989037234
CRDOBUSDT,CRDOB,TRADING,coin,44,2026-08-05,2026-09-17,-0.2502567308121624,-0.41393270975848107
IRENBUSDT,IRENB,TRADING,coin,44,2026-08-05,2026-09-17,0.12422520661157033,-0.11721760292030015
NFLXBUSDT,NFLXB,TRADING,coin,44,2026-08-05,2026-09-17,0.013840365493146933,-0.09813530958642114
SMCIBUSDT,SMCIB,TRADING,coin,44,2026-08-05,2026-09-17,0.3347639484978542,-0.04533648170011806
USARBUSDT,USARB,TRADING,coin,44,2026-08-05,2026-09-17,-0.0910672853828306,-0.2359824475865432
ALABBUSDT,ALABB,TRADING,coin,44,2026-08-05,2026-09-17,-0.08033946251768032,-0.19314452747980038
GMEBUSDT,GMEB,TRADING,coin,37,2026-08-12,2026-09-17,0.2289416846652268,-0.00262927256792278
DJTBUSDT,DJTB,TRADING,coin,23,2026-08-26,2026-09-17,-0.08236536430834229,-0.14970645792563608
CRWDBUSDT,CRWDB,TRADING,coin,16,2026-09-02,2026-09-17,0.19576848249027234,-0.01553677972209988
MRNABUSDT,MRNAB,TRADING,coin,16,2026-09-02,2026-09-17,0.04206412294647577,-0.027870473365467774
SQQQBUSDT,SQQQB,TRADING,coin,16,2026-09-02,2026-09-17,-0.026938569989929495,-0.06845022897083641
STXBUSDT,STXB,TRADING,coin,16,2026-09-02,2026-09-17,0.0003985105667567712,-0.13223220844315786
MARSCOINUSDT,MARSCOIN,TRADING,coin,14,2026-09-04,2026-09-17,-0.39409632314862764,-0.5626168224299065
CRMBUSDT,CRMB,TRADING,coin,9,2026-09-09,2026-09-17,-0.004775900073475281,-0.07035003431708986
HIMSBUSDT,HIMSB,TRADING,coin,9,2026-09-09,2026-09-17,0.004318100035984207,-0.049710589036431774
牛来USDT,牛来,TRADING,coin,0,,,,
BNCBUSDT,BNCB,TRADING,coin,0,,,,
GPROBUSDT,GPROB,TRADING,coin,0,,,,
RDDTBUSDT,RDDTB,TRADING,coin,0,,,,
