symbol,base,quote,status
BTCUSDT,BTC,USDT,TRADING
ETHUSDT,ETH,USDT,TRADING
BNBUSDT,BNB,USDT,TRADING
BCCUSDT,BCC,USDT,BREAK
NEOUSDT,NEO,USDT,TRADING
LTCUSDT,LTC,USDT,TRADING
QTUMUSDT,QTUM,USDT,TRADING
ADAUSDT,ADA,USDT,TRADING
XRPUSDT,XRP,USDT,TRADING
EOSUSDT,EOS,USDT,BREAK
TUSDUSDT,TUSD,USDT,TRADING
IOTAUSDT,IOTA,USDT,TRADING
XLMUSDT,XLM,USDT,TRADING
ONTUSDT,ONT,USDT,TRADING
TRXUSDT,TRX,USDT,TRADING
ETCUSDT,ETC,USDT,TRADING
ICXUSDT,ICX,USDT,BREAK
VENUSDT,VEN,USDT,BREAK
NULSUSDT,NULS,USDT,BREAK
VETUSDT,VET,USDT,TRADING
PAXUSDT,PAX,USDT,BREAK
BCHABCUSDT,BCHABC,USDT,BREAK
BCHSVUSDT,BCHSV,USDT,BREAK
USDCUSDT,USDC,USDT,TRADING
LINKUSDT,LINK,USDT,TRADING
WAVESUSDT,WAVES,USDT,BREAK
BTTUSDT,BTT,USDT,BREAK
USDSOLDUSDT,USDSOLD,USDT,BREAK
ONGUSDT,ONG,USDT,TRADING
HOTUSDT,HOT,USDT,TRADING
ZILUSDT,ZIL,USDT,TRADING
ZRXUSDT,ZRX,USDT,TRADING
FETUSDT,FET,USDT,TRADING
BATUSDT,BAT,USDT,TRADING
XMRUSDT,XMR,USDT,BREAK
ZECUSDT,ZEC,USDT,TRADING
IOSTUSDT,IOST,USDT,TRADING
CELRUSDT,CELR,USDT,TRADING
DASHUSDT,DASH,USDT,TRADING
NANOUSDT,NANO,USDT,BREAK
OMGUSDT,OMG,USDT,BREAK
THETAUSDT,THETA,USDT,TRADING
ENJUSDT,ENJ,USDT,TRADING
MITHUSDT,MITH,USDT,BREAK
MATICUSDT,MATIC,USDT,BREAK
ATOMUSDT,ATOM,USDT,TRADING
TFUELUSDT,TFUEL,USDT,TRADING
ONEUSDT,ONE,USDT,TRADING
FTMUSDT,FTM,USDT,BREAK
ALGOUSDT,ALGO,USDT,TRADING
USDSBUSDT,USDSB,USDT,BREAK
GTOUSDT,GTO,USDT,BREAK
ERDUSDT,ERD,USDT,BREAK
DOGEUSDT,DOGE,USDT,TRADING
DUSKUSDT,DUSK,USDT,TRADING
ANKRUSDT,ANKR,USDT,TRADING
WINUSDT,WIN,USDT,TRADING
COSUSDT,COS,USDT,BREAK
NPXSUSDT,NPXS,USDT,BREAK
COCOSUSDT,COCOS,USDT,BREAK
MTLUSDT,MTL,USDT,TRADING
TOMOUSDT,TOMO,USDT,BREAK
PERLUSDT,PERL,USDT,BREAK
DENTUSDT,DENT,USDT,BREAK
MFTUSDT,MFT,USDT,BREAK
KEYUSDT,KEY,USDT,BREAK
STORMUSDT,STORM,USDT,BREAK
DOCKUSDT,DOCK,USDT,BREAK
WANUSDT,WAN,USDT,BREAK
FUNUSDT,FUN,USDT,BREAK
CVCUSDT,CVC,USDT,TRADING
CHZUSDT,CHZ,USDT,TRADING
BANDUSDT,BAND,USDT,TRADING
BUSDUSDT,BUSD,USDT,BREAK
BEAMUSDT,BEAM,USDT,BREAK
XTZUSDT,XTZ,USDT,TRADING
RENUSDT,REN,USDT,BREAK
RVNUSDT,RVN,USDT,TRADING
HCUSDT,HC,USDT,BREAK
HBARUSDT,HBAR,USDT,TRADING
NKNUSDT,NKN,USDT,BREAK
STXUSDT,STX,USDT,TRADING
KAVAUSDT,KAVA,USDT,TRADING
ARPAUSDT,ARPA,USDT,TRADING
IOTXUSDT,IOTX,USDT,TRADING
RLCUSDT,RLC,USDT,TRADING
MCOUSDT,MCO,USDT,BREAK
CTXCUSDT,CTXC,USDT,BREAK
BCHUSDT,BCH,USDT,TRADING
TROYUSDT,TROY,USDT,BREAK
VITEUSDT,VITE,USDT,BREAK
FTTUSDT,FTT,USDT,TRADING
EURUSDT,EUR,USDT,TRADING
OGNUSDT,OGN,USDT,TRADING
DREPUSDT,DREP,USDT,BREAK
BULLUSDT,BULL,USDT,BREAK
BEARUSDT,BEAR,USDT,BREAK
ETHBULLUSDT,ETHBULL,USDT,BREAK
ETHBEARUSDT,ETHBEAR,USDT,BREAK
TCTUSDT,TCT,USDT,BREAK
WRXUSDT,WRX,USDT,BREAK
BTSUSDT,BTS,USDT,BREAK
LSKUSDT,LSK,USDT,TRADING
BNTUSDT,BNT,USDT,TRADING
LTOUSDT,LTO,USDT,BREAK
EOSBULLUSDT,EOSBULL,USDT,BREAK
EOSBEARUSDT,EOSBEAR,USDT,BREAK
XRPBULLUSDT,XRPBULL,USDT,BREAK
XRPBEARUSDT,XRPBEAR,USDT,BREAK
STRATUSDT,STRAT,USDT,BREAK
AIONUSDT,AION,USDT,BREAK
MBLUSDT,MBL,USDT,TRADING
COTIUSDT,COTI,USDT,TRADING
BNBBULLUSDT,BNBBULL,USDT,BREAK
BNBBEARUSDT,BNBBEAR,USDT,BREAK
STPTUSDT,STPT,USDT,BREAK
WTCUSDT,WTC,USDT,BREAK
DATAUSDT,DATA,USDT,BREAK
XZCUSDT,XZC,USDT,BREAK
SOLUSDT,SOL,USDT,TRADING
CTSIUSDT,CTSI,USDT,TRADING
HIVEUSDT,HIVE,USDT,TRADING
CHRUSDT,CHR,USDT,TRADING
BTCUPUSDT,BTCUP,USDT,BREAK
BTCDOWNUSDT,BTCDOWN,USDT,BREAK
GXSUSDT,GXS,USDT,BREAK
ARDRUSDT,ARDR,USDT,BREAK
LENDUSDT,LEND,USDT,BREAK
MDTUSDT,MDT,USDT,BREAK
STMXUSDT,STMX,USDT,BREAK
KNCUSDT,KNC,USDT,TRADING
REPUSDT,REP,USDT,BREAK
LRCUSDT,LRC,USDT,BREAK
PNTUSDT,PNT,USDT,BREAK
COMPUSDT,COMP,USDT,TRADING
BKRWUSDT,BKRW,USDT,BREAK
SCUSDT,SC,USDT,TRADING
ZENUSDT,ZEN,USDT,TRADING
SNXUSDT,SNX,USDT,TRADING
ETHUPUSDT,ETHUP,USDT,BREAK
ETHDOWNUSDT,ETHDOWN,USDT,BREAK
ADAUPUSDT,ADAUP,USDT,BREAK
ADADOWNUSDT,ADADOWN,USDT,BREAK
LINKUPUSDT,LINKUP,USDT,BREAK
LINKDOWNUSDT,LINKDOWN,USDT,BREAK
VTHOUSDT,VTHO,USDT,TRADING
DGBUSDT,DGB,USDT,TRADING
GBPUSDT,GBP,USDT,BREAK
SXPUSDT,SXP,USDT,BREAK
MKRUSDT,MKR,USDT,BREAK
DAIUSDT,DAI,USDT,BREAK
DCRUSDT,DCR,USDT,TRADING
STORJUSDT,STORJ,USDT,BREAK
BNBUPUSDT,BNBUP,USDT,BREAK
BNBDOWNUSDT,BNBDOWN,USDT,BREAK
XTZUPUSDT,XTZUP,USDT,BREAK
XTZDOWNUSDT,XTZDOWN,USDT,BREAK
MANAUSDT,MANA,USDT,TRADING
AUDUSDT,AUD,USDT,BREAK
YFIUSDT,YFI,USDT,TRADING
BALUSDT,BAL,USDT,BREAK
BLZUSDT,BLZ,USDT,BREAK
IRISUSDT,IRIS,USDT,BREAK
KMDUSDT,KMD,USDT,BREAK
JSTUSDT,JST,USDT,TRADING
SRMUSDT,SRM,USDT,BREAK
ANTUSDT,ANT,USDT,BREAK
CRVUSDT,CRV,USDT,TRADING
SANDUSDT,SAND,USDT,TRADING
OCEANUSDT,OCEAN,USDT,BREAK
NMRUSDT,NMR,USDT,TRADING
DOTUSDT,DOT,USDT,TRADING
LUNAUSDT,LUNA,USDT,TRADING
RSRUSDT,RSR,USDT,TRADING
PAXGUSDT,PAXG,USDT,TRADING
WNXMUSDT,WNXM,USDT,BREAK
TRBUSDT,TRB,USDT,TRADING
BZRXUSDT,BZRX,USDT,BREAK
SUSHIUSDT,SUSHI,USDT,TRADING
YFIIUSDT,YFII,USDT,BREAK
KSMUSDT,KSM,USDT,TRADING
EGLDUSDT,EGLD,USDT,TRADING
DIAUSDT,DIA,USDT,TRADING
RUNEUSDT,RUNE,USDT,TRADING
FIOUSDT,FIO,USDT,BREAK
UMAUSDT,UMA,USDT,TRADING
EOSUPUSDT,EOSUP,USDT,BREAK
EOSDOWNUSDT,EOSDOWN,USDT,BREAK
TRXUPUSDT,TRXUP,USDT,BREAK
TRXDOWNUSDT,TRXDOWN,USDT,BREAK
XRPUPUSDT,XRPUP,USDT,BREAK
XRPDOWNUSDT,XRPDOWN,USDT,BREAK
DOTUPUSDT,DOTUP,USDT,BREAK
DOTDOWNUSDT,DOTDOWN,USDT,BREAK
BELUSDT,BEL,USDT,TRADING
WINGUSDT,WING,USDT,BREAK
LTCUPUSDT,LTCUP,USDT,BREAK
LTCDOWNUSDT,LTCDOWN,USDT,BREAK
UNIUSDT,UNI,USDT,TRADING
NBSUSDT,NBS,USDT,BREAK
OXTUSDT,OXT,USDT,BREAK
SUNUSDT,SUN,USDT,TRADING
AVAXUSDT,AVAX,USDT,TRADING
HNTUSDT,HNT,USDT,BREAK
FLMUSDT,FLM,USDT,BREAK
UNIUPUSDT,UNIUP,USDT,BREAK
UNIDOWNUSDT,UNIDOWN,USDT,BREAK
ORNUSDT,ORN,USDT,BREAK
UTKUSDT,UTK,USDT,BREAK
XVSUSDT,XVS,USDT,TRADING
ALPHAUSDT,ALPHA,USDT,BREAK
AAVEUSDT,AAVE,USDT,TRADING
NEARUSDT,NEAR,USDT,TRADING
SXPUPUSDT,SXPUP,USDT,BREAK
SXPDOWNUSDT,SXPDOWN,USDT,BREAK
FILUSDT,FIL,USDT,TRADING
FILUPUSDT,FILUP,USDT,BREAK
FILDOWNUSDT,FILDOWN,USDT,BREAK
YFIUPUSDT,YFIUP,USDT,BREAK
YFIDOWNUSDT,YFIDOWN,USDT,BREAK
INJUSDT,INJ,USDT,TRADING
AUDIOUSDT,AUDIO,USDT,TRADING
CTKUSDT,CTK,USDT,TRADING
BCHUPUSDT,BCHUP,USDT,BREAK
BCHDOWNUSDT,BCHDOWN,USDT,BREAK
AKROUSDT,AKRO,USDT,BREAK
AXSUSDT,AXS,USDT,TRADING
HARDUSDT,HARD,USDT,BREAK
DNTUSDT,DNT,USDT,BREAK
STRAXUSDT,STRAX,USDT,TRADING
UNFIUSDT,UNFI,USDT,BREAK
ROSEUSDT,ROSE,USDT,TRADING
AVAUSDT,AVA,USDT,TRADING
XEMUSDT,XEM,USDT,BREAK
AAVEUPUSDT,AAVEUP,USDT,BREAK
AAVEDOWNUSDT,AAVEDOWN,USDT,BREAK
SKLUSDT,SKL,USDT,TRADING
SUSDUSDT,SUSD,USDT,BREAK
SUSHIUPUSDT,SUSHIUP,USDT,BREAK
SUSHIDOWNUSDT,SUSHIDOWN,USDT,BREAK
XLMUPUSDT,XLMUP,USDT,BREAK
XLMDOWNUSDT,XLMDOWN,USDT,BREAK
GRTUSDT,GRT,USDT,TRADING
JUVUSDT,JUV,USDT,TRADING
PSGUSDT,PSG,USDT,TRADING
1INCHUSDT,1INCH,USDT,TRADING
REEFUSDT,REEF,USDT,BREAK
OGUSDT,OG,USDT,TRADING
ATMUSDT,ATM,USDT,TRADING
ASRUSDT,ASR,USDT,TRADING
CELOUSDT,CELO,USDT,TRADING
RIFUSDT,RIF,USDT,TRADING
BTCSTUSDT,BTCST,USDT,BREAK
TRUUSDT,TRU,USDT,BREAK
CKBUSDT,CKB,USDT,TRADING
TWTUSDT,TWT,USDT,TRADING
FIROUSDT,FIRO,USDT,BREAK
LITUSDT,LIT,USDT,BREAK
SFPUSDT,SFP,USDT,TRADING
DODOUSDT,DODO,USDT,TRADING
CAKEUSDT,CAKE,USDT,TRADING
ACMUSDT,ACM,USDT,TRADING
BADGERUSDT,BADGER,USDT,BREAK
FISUSDT,FIS,USDT,BREAK
OMUSDT,OM,USDT,BREAK
PONDUSDT,POND,USDT,BREAK
DEGOUSDT,DEGO,USDT,BREAK
ALICEUSDT,ALICE,USDT,TRADING
LINAUSDT,LINA,USDT,BREAK
PERPUSDT,PERP,USDT,BREAK
RAMPUSDT,RAMP,USDT,BREAK
SUPERUSDT,SUPER,USDT,TRADING
CFXUSDT,CFX,USDT,TRADING
EPSUSDT,EPS,USDT,BREAK
AUTOUSDT,AUTO,USDT,BREAK
TKOUSDT,TKO,USDT,TRADING
PUNDIXUSDT,PUNDIX,USDT,TRADING
TLMUSDT,TLM,USDT,TRADING
1INCHUPUSDT,1INCHUP,USDT,BREAK
1INCHDOWNUSDT,1INCHDOWN,USDT,BREAK
BTGUSDT,BTG,USDT,BREAK
MIRUSDT,MIR,USDT,BREAK
BARUSDT,BAR,USDT,TRADING
FORTHUSDT,FORTH,USDT,BREAK
BAKEUSDT,BAKE,USDT,BREAK
BURGERUSDT,BURGER,USDT,BREAK
SLPUSDT,SLP,USDT,TRADING
SHIBUSDT,SHIB,USDT,TRADING
ICPUSDT,ICP,USDT,TRADING
ARUSDT,AR,USDT,TRADING
POLSUSDT,POLS,USDT,BREAK
MDXUSDT,MDX,USDT,BREAK
MASKUSDT,MASK,USDT,TRADING
LPTUSDT,LPT,USDT,TRADING
NUUSDT,NU,USDT,BREAK
XVGUSDT,XVG,USDT,TRADING
ATAUSDT,ATA,USDT,BREAK
GTCUSDT,GTC,USDT,TRADING
TORNUSDT,TORN,USDT,BREAK
KEEPUSDT,KEEP,USDT,BREAK
ERNUSDT,ERN,USDT,BREAK
KLAYUSDT,KLAY,USDT,BREAK
PHAUSDT,PHA,USDT,TRADING
BONDUSDT,BOND,USDT,BREAK
MLNUSDT,MLN,USDT,BREAK
DEXEUSDT,DEXE,USDT,TRADING
C98USDT,C98,USDT,TRADING
CLVUSDT,CLV,USDT,BREAK
QNTUSDT,QNT,USDT,TRADING
FLOWUSDT,FLOW,USDT,TRADING
TVKUSDT,TVK,USDT,BREAK
MINAUSDT,MINA,USDT,TRADING
RAYUSDT,RAY,USDT,TRADING
FARMUSDT,FARM,USDT,BREAK
ALPACAUSDT,ALPACA,USDT,BREAK
QUICKUSDT,QUICK,USDT,TRADING
MBOXUSDT,MBOX,USDT,BREAK
FORUSDT,FOR,USDT,BREAK
REQUSDT,REQ,USDT,TRADING
GHSTUSDT,GHST,USDT,BREAK
WAXPUSDT,WAXP,USDT,TRADING
TRIBEUSDT,TRIBE,USDT,BREAK
GNOUSDT,GNO,USDT,TRADING
XECUSDT,XEC,USDT,TRADING
ELFUSDT,ELF,USDT,BREAK
DYDXUSDT,DYDX,USDT,TRADING
POLYUSDT,POLY,USDT,BREAK
IDEXUSDT,IDEX,USDT,BREAK
VIDTUSDT,VIDT,USDT,BREAK
USDPUSDT,USDP,USDT,TRADING
GALAUSDT,GALA,USDT,TRADING
ILVUSDT,ILV,USDT,TRADING
YGGUSDT,YGG,USDT,TRADING
SYSUSDT,SYS,USDT,BREAK
DFUSDT,DF,USDT,BREAK
FIDAUSDT,FIDA,USDT,TRADING
FRONTUSDT,FRONT,USDT,BREAK
CVPUSDT,CVP,USDT,BREAK
AGLDUSDT,AGLD,USDT,TRADING
RADUSDT,RAD,USDT,TRADING
BETAUSDT,BETA,USDT,BREAK
RAREUSDT,RARE,USDT,TRADING
LAZIOUSDT,LAZIO,USDT,TRADING
CHESSUSDT,CHESS,USDT,BREAK
ADXUSDT,ADX,USDT,TRADING
AUCTIONUSDT,AUCTION,USDT,TRADING
DARUSDT,DAR,USDT,BREAK
BNXUSDT,BNX,USDT,BREAK
RGTUSDT,RGT,USDT,BREAK
MOVRUSDT,MOVR,USDT,TRADING
CITYUSDT,CITY,USDT,TRADING
ENSUSDT,ENS,USDT,TRADING
KP3RUSDT,KP3R,USDT,BREAK
QIUSDT,QI,USDT,TRADING
PORTOUSDT,PORTO,USDT,TRADING
POWRUSDT,POWR,USDT,TRADING
VGXUSDT,VGX,USDT,BREAK
JASMYUSDT,JASMY,USDT,TRADING
AMPUSDT,AMP,USDT,TRADING
PLAUSDT,PLA,USDT,BREAK
PYRUSDT,PYR,USDT,BREAK
RNDRUSDT,RNDR,USDT,BREAK
ALCXUSDT,ALCX,USDT,BREAK
SANTOSUSDT,SANTOS,USDT,TRADING
MCUSDT,MC,USDT,BREAK
ANYUSDT,ANY,USDT,BREAK
BICOUSDT,BICO,USDT,TRADING
FLUXUSDT,FLUX,USDT,TRADING
FXSUSDT,FXS,USDT,BREAK
VOXELUSDT,VOXEL,USDT,BREAK
HIGHUSDT,HIGH,USDT,BREAK
CVXUSDT,CVX,USDT,TRADING
PEOPLEUSDT,PEOPLE,USDT,TRADING
OOKIUSDT,OOKI,USDT,BREAK
SPELLUSDT,SPELL,USDT,TRADING
USTUSDT,UST,USDT,BREAK
JOEUSDT,JOE,USDT,TRADING
ACHUSDT,ACH,USDT,TRADING
IMXUSDT,IMX,USDT,TRADING
GLMRUSDT,GLMR,USDT,TRADING
LOKAUSDT,LOKA,USDT,BREAK
SCRTUSDT,SCRT,USDT,BREAK
API3USDT,API3,USDT,TRADING
BTTCUSDT,BTTC,USDT,TRADING
ACAUSDT,ACA,USDT,BREAK
ANCUSDT,ANC,USDT,BREAK
XNOUSDT,XNO,USDT,TRADING
WOOUSDT,WOO,USDT,TRADING
ALPINEUSDT,ALPINE,USDT,TRADING
TUSDT,T,USDT,TRADING
ASTRUSDT,ASTR,USDT,TRADING
GMTUSDT,GMT,USDT,TRADING
KDAUSDT,KDA,USDT,BREAK
APEUSDT,APE,USDT,TRADING
BSWUSDT,BSW,USDT,BREAK
BIFIUSDT,BIFI,USDT,BREAK
MULTIUSDT,MULTI,USDT,BREAK
STEEMUSDT,STEEM,USDT,TRADING
MOBUSDT,MOB,USDT,BREAK
NEXOUSDT,NEXO,USDT,TRADING
REIUSDT,REI,USDT,BREAK
GALUSDT,GAL,USDT,BREAK
LDOUSDT,LDO,USDT,TRADING
EPXUSDT,EPX,USDT,BREAK
OPUSDT,OP,USDT,TRADING
LEVERUSDT,LEVER,USDT,BREAK
STGUSDT,STG,USDT,TRADING
LUNCUSDT,LUNC,USDT,TRADING
GMXUSDT,GMX,USDT,TRADING
NEBLUSDT,NEBL,USDT,BREAK
POLYXUSDT,POLYX,USDT,TRADING
APTUSDT,APT,USDT,TRADING
OSMOUSDT,OSMO,USDT,TRADING
HFTUSDT,HFT,USDT,BREAK
PHBUSDT,PHB,USDT,BREAK
HOOKUSDT,HOOK,USDT,BREAK
MAGICUSDT,MAGIC,USDT,TRADING
HIFIUSDT,HIFI,USDT,BREAK
RPLUSDT,RPL,USDT,TRADING
PROSUSDT,PROS,USDT,BREAK
AGIXUSDT,AGIX,USDT,BREAK
GNSUSDT,GNS,USDT,TRADING
SYNUSDT,SYN,USDT,TRADING
VIBUSDT,VIB,USDT,BREAK
SSVUSDT,SSV,USDT,TRADING
LQTYUSDT,LQTY,USDT,TRADING
AMBUSDT,AMB,USDT,BREAK
BETHUSDT,BETH,USDT,BREAK
USTCUSDT,USTC,USDT,TRADING
GASUSDT,GAS,USDT,TRADING
GLMUSDT,GLM,USDT,TRADING
PROMUSDT,PROM,USDT,TRADING
QKCUSDT,QKC,USDT,TRADING
UFTUSDT,UFT,USDT,BREAK
IDUSDT,ID,USDT,TRADING
ARBUSDT,ARB,USDT,TRADING
LOOMUSDT,LOOM,USDT,BREAK
OAXUSDT,OAX,USDT,BREAK
RDNTUSDT,RDNT,USDT,BREAK
WBTCUSDT,WBTC,USDT,TRADING
EDUUSDT,EDU,USDT,TRADING
SUIUSDT,SUI,USDT,TRADING
AERGOUSDT,AERGO,USDT,BREAK
PEPEUSDT,PEPE,USDT,TRADING
FLOKIUSDT,FLOKI,USDT,TRADING
ASTUSDT,AST,USDT,BREAK
SNTUSDT,SNT,USDT,BREAK
COMBOUSDT,COMBO,USDT,BREAK
MAVUSDT,MAV,USDT,TRADING
PENDLEUSDT,PENDLE,USDT,TRADING
ARKMUSDT,ARKM,USDT,TRADING
WBETHUSDT,WBETH,USDT,TRADING
WLDUSDT,WLD,USDT,TRADING
FDUSDUSDT,FDUSD,USDT,TRADING
SEIUSDT,SEI,USDT,TRADING
CYBERUSDT,CYBER,USDT,TRADING
ARKUSDT,ARK,USDT,TRADING
CREAMUSDT,CREAM,USDT,BREAK
GFTUSDT,GFT,USDT,BREAK
IQUSDT,IQ,USDT,TRADING
NTRNUSDT,NTRN,USDT,BREAK
TIAUSDT,TIA,USDT,TRADING
MEMEUSDT,MEME,USDT,TRADING
ORDIUSDT,ORDI,USDT,TRADING
BEAMXUSDT,BEAMX,USDT,TRADING
PIVXUSDT,PIVX,USDT,BREAK
VICUSDT,VIC,USDT,BREAK
BLURUSDT,BLUR,USDT,TRADING
VANRYUSDT,VANRY,USDT,BREAK
AEURUSDT,AEUR,USDT,BREAK
JTOUSDT,JTO,USDT,TRADING
1000SATSUSDT,1000SATS,USDT,TRADING
BONKUSDT,BONK,USDT,TRADING
ACEUSDT,ACE,USDT,TRADING
NFPUSDT,NFP,USDT,BREAK
AIUSDT,AI,USDT,TRADING
XAIUSDT,XAI,USDT,TRADING
MANTAUSDT,MANTA,USDT,TRADING
ALTUSDT,ALT,USDT,TRADING
JUPUSDT,JUP,USDT,TRADING
PYTHUSDT,PYTH,USDT,TRADING
RONINUSDT,RONIN,USDT,TRADING
DYMUSDT,DYM,USDT,TRADING
PIXELUSDT,PIXEL,USDT,TRADING
STRKUSDT,STRK,USDT,TRADING
PORTALUSDT,PORTAL,USDT,TRADING
PDAUSDT,PDA,USDT,BREAK
AXLUSDT,AXL,USDT,TRADING
WIFUSDT,WIF,USDT,TRADING
METISUSDT,METIS,USDT,TRADING
AEVOUSDT,AEVO,USDT,TRADING
BOMEUSDT,BOME,USDT,TRADING
ETHFIUSDT,ETHFI,USDT,TRADING
ENAUSDT,ENA,USDT,TRADING
WUSDT,W,USDT,TRADING
TNSRUSDT,TNSR,USDT,TRADING
SAGAUSDT,SAGA,USDT,TRADING
TAOUSDT,TAO,USDT,TRADING
OMNIUSDT,OMNI,USDT,BREAK
REZUSDT,REZ,USDT,TRADING
BBUSDT,BB,USDT,TRADING
NOTUSDT,NOT,USDT,TRADING
IOUSDT,IO,USDT,TRADING
ZKUSDT,ZK,USDT,TRADING
LISTAUSDT,LISTA,USDT,TRADING
ZROUSDT,ZRO,USDT,TRADING
GUSDT,G,USDT,TRADING
BANANAUSDT,BANANA,USDT,TRADING
RENDERUSDT,RENDER,USDT,TRADING
TONUSDT,TON,USDT,BREAK
DOGSUSDT,DOGS,USDT,TRADING
EURIUSDT,EURI,USDT,TRADING
SLFUSDT,SLF,USDT,BREAK
POLUSDT,POL,USDT,TRADING
NEIROUSDT,NEIRO,USDT,TRADING
TURBOUSDT,TURBO,USDT,TRADING
1MBABYDOGEUSDT,1MBABYDOGE,USDT,TRADING
CATIUSDT,CATI,USDT,TRADING
HMSTRUSDT,HMSTR,USDT,TRADING
EIGENUSDT,EIGEN,USDT,TRADING
SCRUSDT,SCR,USDT,TRADING
BNSOLUSDT,BNSOL,USDT,TRADING
LUMIAUSDT,LUMIA,USDT,TRADING
KAIAUSDT,KAIA,USDT,TRADING
COWUSDT,COW,USDT,TRADING
CETUSUSDT,CETUS,USDT,TRADING
PNUTUSDT,PNUT,USDT,TRADING
ACTUSDT,ACT,USDT,TRADING
USUALUSDT,USUAL,USDT,TRADING
THEUSDT,THE,USDT,TRADING
ACXUSDT,ACX,USDT,BREAK
ORCAUSDT,ORCA,USDT,TRADING
MOVEUSDT,MOVE,USDT,TRADING
MEUSDT,ME,USDT,TRADING
VELODROMEUSDT,VELODROME,USDT,TRADING
VANAUSDT,VANA,USDT,TRADING
1000CATUSDT,1000CAT,USDT,TRADING
PENGUUSDT,PENGU,USDT,TRADING
BIOUSDT,BIO,USDT,TRADING
DUSDT,D,USDT,BREAK
AIXBTUSDT,AIXBT,USDT,TRADING
CGPTUSDT,CGPT,USDT,TRADING
COOKIEUSDT,COOKIE,USDT,TRADING
SUSDT,S,USDT,TRADING
SOLVUSDT,SOLV,USDT,TRADING
TRUMPUSDT,TRUMP,USDT,TRADING
ANIMEUSDT,ANIME,USDT,TRADING
BERAUSDT,BERA,USDT,TRADING
1000CHEEMSUSDT,1000CHEEMS,USDT,TRADING
TSTUSDT,TST,USDT,TRADING
LAYERUSDT,LAYER,USDT,TRADING
HEIUSDT,HEI,USDT,TRADING
KAITOUSDT,KAITO,USDT,TRADING
SHELLUSDT,SHELL,USDT,TRADING
REDUSDT,RED,USDT,TRADING
GPSUSDT,GPS,USDT,TRADING
EPICUSDT,EPIC,USDT,TRADING
BMTUSDT,BMT,USDT,TRADING
FORMUSDT,FORM,USDT,TRADING
XUSDUSDT,XUSD,USDT,TRADING
NILUSDT,NIL,USDT,TRADING
PARTIUSDT,PARTI,USDT,TRADING
MUBARAKUSDT,MUBARAK,USDT,TRADING
TUTUSDT,TUT,USDT,TRADING
BROCCOLI714USDT,BROCCOLI714,USDT,TRADING
BANANAS31USDT,BANANAS31,USDT,TRADING
GUNUSDT,GUN,USDT,TRADING
BABYUSDT,BABY,USDT,TRADING
ONDOUSDT,ONDO,USDT,TRADING
BIGTIMEUSDT,BIGTIME,USDT,TRADING
VIRTUALUSDT,VIRTUAL,USDT,TRADING
KERNELUSDT,KERNEL,USDT,TRADING
WCTUSDT,WCT,USDT,TRADING
HYPERUSDT,HYPER,USDT,TRADING
INITUSDT,INIT,USDT,TRADING
SIGNUSDT,SIGN,USDT,TRADING
STOUSDT,STO,USDT,TRADING
SYRUPUSDT,SYRUP,USDT,TRADING
KMNOUSDT,KMNO,USDT,TRADING
SXTUSDT,SXT,USDT,TRADING
NXPCUSDT,NXPC,USDT,TRADING
AWEUSDT,AWE,USDT,TRADING
HAEDALUSDT,HAEDAL,USDT,TRADING
USD1USDT,USD1,USDT,TRADING
HUMAUSDT,HUMA,USDT,TRADING
AUSDT,A,USDT,TRADING
SOPHUSDT,SOPH,USDT,TRADING
RESOLVUSDT,RESOLV,USDT,TRADING
HOMEUSDT,HOME,USDT,TRADING
SPKUSDT,SPK,USDT,TRADING
NEWTUSDT,NEWT,USDT,TRADING
SAHARAUSDT,SAHARA,USDT,TRADING
LAUSDT,LA,USDT,TRADING
ERAUSDT,ERA,USDT,TRADING
CUSDT,C,USDT,TRADING
TREEUSDT,TREE,USDT,TRADING
A2ZUSDT,A2Z,USDT,BREAK
TOWNSUSDT,TOWNS,USDT,TRADING
PROVEUSDT,PROVE,USDT,TRADING
BFUSDUSDT,BFUSD,USDT,TRADING
PLUMEUSDT,PLUME,USDT,TRADING
DOLOUSDT,DOLO,USDT,TRADING
MITOUSDT,MITO,USDT,TRADING
WLFIUSDT,WLFI,USDT,TRADING
SOMIUSDT,SOMI,USDT,TRADING
OPENUSDT,OPEN,USDT,TRADING
USDEUSDT,USDE,USDT,TRADING
LINEAUSDT,LINEA,USDT,TRADING
HOLOUSDT,HOLO,USDT,TRADING
PUMPUSDT,PUMP,USDT,TRADING
AVNTUSDT,AVNT,USDT,TRADING
ZKCUSDT,ZKC,USDT,TRADING
SKYUSDT,SKY,USDT,TRADING
BARDUSDT,BARD,USDT,TRADING
0GUSDT,0G,USDT,TRADING
HEMIUSDT,HEMI,USDT,TRADING
XPLUSDT,XPL,USDT,TRADING
MIRAUSDT,MIRA,USDT,TRADING
FFUSDT,FF,USDT,TRADING
EDENUSDT,EDEN,USDT,TRADING
NOMUSDT,NOM,USDT,TRADING
2ZUSDT,2Z,USDT,TRADING
MORPHOUSDT,MORPHO,USDT,TRADING
ASTERUSDT,ASTER,USDT,TRADING
WALUSDT,WAL,USDT,TRADING
EULUSDT,EUL,USDT,TRADING
ENSOUSDT,ENSO,USDT,TRADING
YBUSDT,YB,USDT,TRADING
ZBTUSDT,ZBT,USDT,TRADING
TURTLEUSDT,TURTLE,USDT,TRADING
GIGGLEUSDT,GIGGLE,USDT,TRADING
FUSDT,F,USDT,TRADING
KITEUSDT,KITE,USDT,TRADING
MMTUSDT,MMT,USDT,TRADING
SAPIENUSDT,SAPIEN,USDT,TRADING
ALLOUSDT,ALLO,USDT,TRADING
BANKUSDT,BANK,USDT,TRADING
METUSDT,MET,USDT,TRADING
ATUSDT,AT,USDT,TRADING
KGSTUSDT,KGST,USDT,TRADING
BREVUSDT,BREV,USDT,TRADING
币安人生USDT,币安人生,USDT,TRADING
ZKPUSDT,ZKP,USDT,TRADING
UUSDT,U,USDT,TRADING
FRAXUSDT,FRAX,USDT,TRADING
FOGOUSDT,FOGO,USDT,TRADING
RLUSDUSDT,RLUSD,USDT,TRADING
SENTUSDT,SENT,USDT,TRADING
ZAMAUSDT,ZAMA,USDT,TRADING
ESPUSDT,ESP,USDT,TRADING
MANTRAUSDT,MANTRA,USDT,TRADING
ROBOUSDT,ROBO,USDT,TRADING
OPNUSDT,OPN,USDT,TRADING
NIGHTUSDT,NIGHT,USDT,TRADING
CFGUSDT,CFG,USDT,TRADING
KATUSDT,KAT,USDT,TRADING
XAUTUSDT,XAUT,USDT,TRADING
USDSUSDT,USDS,USDT,TRADING
CHIPUSDT,CHIP,USDT,TRADING
MEGAUSDT,MEGA,USDT,TRADING
AIGENSYNUSDT,AIGENSYN,USDT,TRADING
GENIUSUSDT,GENIUS,USDT,TRADING
OPGUSDT,OPG,USDT,TRADING
MUBUSDT,MUB,USDT,TRADING
CRCLBUSDT,CRCLB,USDT,TRADING
NVDABUSDT,NVDAB,USDT,TRADING
SNDKBUSDT,SNDKB,USDT,TRADING
TSLABUSDT,TSLAB,USDT,TRADING
SPCXBUSDT,SPCXB,USDT,TRADING
REUSDT,RE,USDT,TRADING
AMDBUSDT,AMDB,USDT,TRADING
EWYBUSDT,EWYB,USDT,TRADING
INTCBUSDT,INTCB,USDT,TRADING
MSTRBUSDT,MSTRB,USDT,TRADING
LITEBUSDT,LITEB,USDT,TRADING
METABUSDT,METAB,USDT,TRADING
MSFTBUSDT,MSFTB,USDT,TRADING
PLTRBUSDT,PLTRB,USDT,TRADING
QQQBUSDT,QQQB,USDT,TRADING
GRAMUSDT,GRAM,USDT,TRADING
CBRSBUSDT,CBRSB,USDT,TRADING
COINBUSDT,COINB,USDT,TRADING
DRAMBUSDT,DRAMB,USDT,TRADING
GLWBUSDT,GLWB,USDT,TRADING
GOOGLBUSDT,GOOGLB,USDT,TRADING
NBISBUSDT,NBISB,USDT,TRADING
QCOMBUSDT,QCOMB,USDT,TRADING
SOXLBUSDT,SOXLB,USDT,TRADING
SPYBUSDT,SPYB,USDT,TRADING
WDCBUSDT,WDCB,USDT,TRADING
SKHYBUSDT,SKHYB,USDT,TRADING
AAOIBUSDT,AAOIB,USDT,TRADING
ARMBUSDT,ARMB,USDT,TRADING
AVGOBUSDT,AVGOB,USDT,TRADING
BABABUSDT,BABAB,USDT,TRADING
HOODBUSDT,HOODB,USDT,TRADING
IBMBUSDT,IBMB,USDT,TRADING
MRVLBUSDT,MRVLB,USDT,TRADING
NOKBUSDT,NOKB,USDT,TRADING
TSMBUSDT,TSMB,USDT,TRADING
RKLBBUSDT,RKLBB,USDT,TRADING
AEROUSDT,AERO,USDT,TRADING
AXTIBUSDT,AXTIB,USDT,TRADING
CRWVBUSDT,CRWVB,USDT,TRADING
INTWBUSDT,INTWB,USDT,TRADING
KORUBUSDT,KORUB,USDT,TRADING
MUUBUSDT,MUUB,USDT,TRADING
MVLLBUSDT,MVLLB,USDT,TRADING
ORCLBUSDT,ORCLB,USDT,TRADING
QNTBUSDT,QNTB,USDT,TRADING
SNXXBUSDT,SNXXB,USDT,TRADING
TQQQBUSDT,TQQQB,USDT,TRADING
AAPLBUSDT,AAPLB,USDT,TRADING
AMATBUSDT,AMATB,USDT,TRADING
AMZNBUSDT,AMZNB,USDT,TRADING
BEBUSDT,BEB,USDT,TRADING
DELLBUSDT,DELLB,USDT,TRADING
FLNCBUSDT,FLNCB,USDT,TRADING
GSBUSDT,GSB,USDT,TRADING
PYPLBUSDT,PYPLB,USDT,TRADING
SMHBUSDT,SMHB,USDT,TRADING
SOXSBUSDT,SOXSB,USDT,TRADING
ASMLBUSDT,ASMLB,USDT,TRADING
ASTSBUSDT,ASTSB,USDT,TRADING
BMNRBUSDT,BMNRB,USDT,TRADING
COHRBUSDT,COHRB,USDT,TRADING
CRDOBUSDT,CRDOB,USDT,TRADING
IRENBUSDT,IRENB,USDT,TRADING
NFLXBUSDT,NFLXB,USDT,TRADING
SMCIBUSDT,SMCIB,USDT,TRADING
USARBUSDT,USARB,USDT,TRADING
ALABBUSDT,ALABB,USDT,TRADING
GMEBUSDT,GMEB,USDT,TRADING
DJTBUSDT,DJTB,USDT,TRADING
CRWDBUSDT,CRWDB,USDT,TRADING
MRNABUSDT,MRNAB,USDT,TRADING
SQQQBUSDT,SQQQB,USDT,TRADING
STXBUSDT,STXB,USDT,TRADING
MARSCOINUSDT,MARSCOIN,USDT,TRADING
CRMBUSDT,CRMB,USDT,TRADING
HIMSBUSDT,HIMSB,USDT,TRADING
牛来USDT,牛来,USDT,TRADING
BNCBUSDT,BNCB,USDT,TRADING
GPROBUSDT,GPROB,USDT,TRADING
RDDTBUSDT,RDDTB,USDT,TRADING
